{
  "verses": [
    {
      "verseNumber": 0,
      "verseString": "بِسْمِ اللَّهِ الرَّحْمَٰنِ الرَّحِيمِ",
      "verseStringB": "In the name of Allah, the Compassionate, the Merciful."
    },
    {
      "verseNumber": 1,
      "verseString": "يَسْأَلُونَكَ عَنِ الْأَنْفَالِ ۖ قُلِ الْأَنْفَالُ لِلَّهِ وَالرَّسُولِ ۖ فَاتَّقُوا اللَّهَ وَأَصْلِحُوا ذَاتَ بَيْنِكُمْ ۖ وَأَطِيعُوا اللَّهَ وَرَسُولَهُ إِنْ كُنْتُمْ مُؤْمِنِينَ",
      "verseStringB": "They ask you about the bounties. Say, “The bounties are for Allah and the Messenger.” So remain conscious of Allah, and settle your differences, and obey Allah and His Messenger, if you are believers."
    },
    {
      "verseNumber": 2,
      "verseString": "إِنَّمَا الْمُؤْمِنُونَ الَّذِينَ إِذَا ذُكِرَ اللَّهُ وَجِلَتْ قُلُوبُهُمْ وَإِذَا تُلِيَتْ عَلَيْهِمْ آيَاتُهُ زَادَتْهُمْ إِيمَانًا وَعَلَىٰ رَبِّهِمْ يَتَوَكَّلُونَ",
      "verseStringB": "Believers are those whose hearts tremble when Allah is mentioned, and when His revelations are recited to them, they strengthen them in faith, and upon their Lord, they rely."
    },
    {
      "verseNumber": 3,
      "verseString": "الَّذِينَ يُقِيمُونَ الصَّلَاةَ وَمِمَّا رَزَقْنَاهُمْ يُنْفِقُونَ",
      "verseStringB": "Those who perform the prayer; and from Our provisions to them, they spend."
    },
    {
      "verseNumber": 4,
      "verseString": "أُولَٰئِكَ هُمُ الْمُؤْمِنُونَ حَقًّا ۚ لَهُمْ دَرَجَاتٌ عِنْدَ رَبِّهِمْ وَمَغْفِرَةٌ وَرِزْقٌ كَرِيمٌ",
      "verseStringB": "These are the true believers. They have a high standing with their Lord, and forgiveness, and a generous provision."
    },
    {
      "verseNumber": 5,
      "verseString": "كَمَا أَخْرَجَكَ رَبُّكَ مِنْ بَيْتِكَ بِالْحَقِّ وَإِنَّ فَرِيقًا مِنَ الْمُؤْمِنِينَ لَكَارِهُونَ",
      "verseStringB": "Even as your Lord brought you out of your home for a just cause, some believers were against it."
    },
    {
      "verseNumber": 6,
      "verseString": "يُجَادِلُونَكَ فِي الْحَقِّ بَعْدَمَا تَبَيَّنَ كَأَنَّمَا يُسَاقُونَ إِلَى الْمَوْتِ وَهُمْ يَنْظُرُونَ",
      "verseStringB": "Arguing with you about the truth after it was made clear—as if they are driven to death as they looked on."
    },
    {
      "verseNumber": 7,
      "verseString": "وَإِذْ يَعِدُكُمُ اللَّهُ إِحْدَى الطَّائِفَتَيْنِ أَنَّهَا لَكُمْ وَتَوَدُّونَ أَنَّ غَيْرَ ذَاتِ الشَّوْكَةِ تَكُونُ لَكُمْ وَيُرِيدُ اللَّهُ أَنْ يُحِقَّ الْحَقَّ بِكَلِمَاتِهِ وَيَقْطَعَ دَابِرَ الْكَافِرِينَ",
      "verseStringB": "Allah has promised you one of the two groups—that it would be yours—but you wanted the unarmed group to be yours. Allah intends to establish the truth with His words, and to uproot the disbelievers."
    },
    {
      "verseNumber": 8,
      "verseString": "لِيُحِقَّ الْحَقَّ وَيُبْطِلَ الْبَاطِلَ وَلَوْ كَرِهَ الْمُجْرِمُونَ",
      "verseStringB": "In order to establish the truth, and to nullify falsehood, even to the dismay of the guilty."
    },
    {
      "verseNumber": 9,
      "verseString": "إِذْ تَسْتَغِيثُونَ رَبَّكُمْ فَاسْتَجَابَ لَكُمْ أَنِّي مُمِدُّكُمْ بِأَلْفٍ مِنَ الْمَلَائِكَةِ مُرْدِفِينَ",
      "verseStringB": "When you appealed to your Lord for help, He answered you, “I am reinforcing you with one thousand angels in formation.”"
    },
    {
      "verseNumber": 10,
      "verseString": "وَمَا جَعَلَهُ اللَّهُ إِلَّا بُشْرَىٰ وَلِتَطْمَئِنَّ بِهِ قُلُوبُكُمْ ۚ وَمَا النَّصْرُ إِلَّا مِنْ عِنْدِ اللَّهِ ۚ إِنَّ اللَّهَ عَزِيزٌ حَكِيمٌ",
      "verseStringB": "Allah only made it a message of hope, and to set your hearts at rest. Victory comes only from Allah. Allah is Mighty and Wise."
    },
    {
      "verseNumber": 11,
      "verseString": "إِذْ يُغَشِّيكُمُ النُّعَاسَ أَمَنَةً مِنْهُ وَيُنَزِّلُ عَلَيْكُمْ مِنَ السَّمَاءِ مَاءً لِيُطَهِّرَكُمْ بِهِ وَيُذْهِبَ عَنْكُمْ رِجْزَ الشَّيْطَانِ وَلِيَرْبِطَ عَلَىٰ قُلُوبِكُمْ وَيُثَبِّتَ بِهِ الْأَقْدَامَ",
      "verseStringB": "He caused drowsiness to overcome you, as serenity from Him. And He sent down upon you water from the sky, to cleanse you with it, and to rid you of Satan’s pollution, and to fortify your hearts, and to strengthen your foothold."
    },
    {
      "verseNumber": 12,
      "verseString": "إِذْ يُوحِي رَبُّكَ إِلَى الْمَلَائِكَةِ أَنِّي مَعَكُمْ فَثَبِّتُوا الَّذِينَ آمَنُوا ۚ سَأُلْقِي فِي قُلُوبِ الَّذِينَ كَفَرُوا الرُّعْبَ فَاضْرِبُوا فَوْقَ الْأَعْنَاقِ وَاضْرِبُوا مِنْهُمْ كُلَّ بَنَانٍ",
      "verseStringB": "Your Lord inspired the angels: “I am with you, so strengthen those who believe. I will strike terror into the hearts of those who disbelieve. So strike above the necks, and strike off every fingertip of theirs.”"
    },
    {
      "verseNumber": 13,
      "verseString": "ذَٰلِكَ بِأَنَّهُمْ شَاقُّوا اللَّهَ وَرَسُولَهُ ۚ وَمَنْ يُشَاقِقِ اللَّهَ وَرَسُولَهُ فَإِنَّ اللَّهَ شَدِيدُ الْعِقَابِ",
      "verseStringB": "That is because they defied Allah and His Messenger. Whoever defies Allah and His Messenger—Allah is severe in retribution."
    },
    {
      "verseNumber": 14,
      "verseString": "ذَٰلِكُمْ فَذُوقُوهُ وَأَنَّ لِلْكَافِرِينَ عَذَابَ النَّارِ",
      "verseStringB": "“Thus it is. So taste it.” For the disbelievers, there is the suffering of the Fire."
    },
    {
      "verseNumber": 15,
      "verseString": "يَا أَيُّهَا الَّذِينَ آمَنُوا إِذَا لَقِيتُمُ الَّذِينَ كَفَرُوا زَحْفًا فَلَا تُوَلُّوهُمُ الْأَدْبَارَ",
      "verseStringB": "O you who believe! When you face those who disbelieve on the march, never turn your backs on them."
    },
    {
      "verseNumber": 16,
      "verseString": "وَمَنْ يُوَلِّهِمْ يَوْمَئِذٍ دُبُرَهُ إِلَّا مُتَحَرِّفًا لِقِتَالٍ أَوْ مُتَحَيِّزًا إِلَىٰ فِئَةٍ فَقَدْ بَاءَ بِغَضَبٍ مِنَ اللَّهِ وَمَأْوَاهُ جَهَنَّمُ ۖ وَبِئْسَ الْمَصِيرُ",
      "verseStringB": "Anyone who turns his back on them on that Day, except while maneuvering for battle, or to join another group, has incurred wrath from Allah, and his home is Hell—a terrible destination."
    },
    {
      "verseNumber": 17,
      "verseString": "فَلَمْ تَقْتُلُوهُمْ وَلَٰكِنَّ اللَّهَ قَتَلَهُمْ ۚ وَمَا رَمَيْتَ إِذْ رَمَيْتَ وَلَٰكِنَّ اللَّهَ رَمَىٰ ۚ وَلِيُبْلِيَ الْمُؤْمِنِينَ مِنْهُ بَلَاءً حَسَنًا ۚ إِنَّ اللَّهَ سَمِيعٌ عَلِيمٌ",
      "verseStringB": "It was not you who killed them, but it was Allah who killed them. Nor was it you who launched when you launched, but it was Allah who launched. So that He may bestow upon the believers an excellent reward. Allah is Hearing and Knowing."
    },
    {
      "verseNumber": 18,
      "verseString": "ذَٰلِكُمْ وَأَنَّ اللَّهَ مُوهِنُ كَيْدِ الْكَافِرِينَ",
      "verseStringB": "Such is the case. Allah undermines the strategy of the disbelievers."
    },
    {
      "verseNumber": 19,
      "verseString": "إِنْ تَسْتَفْتِحُوا فَقَدْ جَاءَكُمُ الْفَتْحُ ۖ وَإِنْ تَنْتَهُوا فَهُوَ خَيْرٌ لَكُمْ ۖ وَإِنْ تَعُودُوا نَعُدْ وَلَنْ تُغْنِيَ عَنْكُمْ فِئَتُكُمْ شَيْئًا وَلَوْ كَثُرَتْ وَأَنَّ اللَّهَ مَعَ الْمُؤْمِنِينَ",
      "verseStringB": "If you seek victory, then victory has come to you. And if you abstain, it would be best for you. And if you return, We will return; and your troops, however numerous, will not benefit you whatsoever. Allah is with the believers."
    },
    {
      "verseNumber": 20,
      "verseString": "يَا أَيُّهَا الَّذِينَ آمَنُوا أَطِيعُوا اللَّهَ وَرَسُولَهُ وَلَا تَوَلَّوْا عَنْهُ وَأَنْتُمْ تَسْمَعُونَ",
      "verseStringB": "O you who believe! Obey Allah and His Messenger, and do not turn away from him while you hear."
    },
    {
      "verseNumber": 21,
      "verseString": "وَلَا تَكُونُوا كَالَّذِينَ قَالُوا سَمِعْنَا وَهُمْ لَا يَسْمَعُونَ",
      "verseStringB": "And be not like those who say, “We hear,” though they do not hear."
    },
    {
      "verseNumber": 22,
      "verseString": "إِنَّ شَرَّ الدَّوَابِّ عِنْدَ اللَّهِ الصُّمُّ الْبُكْمُ الَّذِينَ لَا يَعْقِلُونَ",
      "verseStringB": "The worst of creatures to Allah are the deaf and dumb—those who do not reason."
    },
    {
      "verseNumber": 23,
      "verseString": "وَلَوْ عَلِمَ اللَّهُ فِيهِمْ خَيْرًا لَأَسْمَعَهُمْ ۖ وَلَوْ أَسْمَعَهُمْ لَتَوَلَّوْا وَهُمْ مُعْرِضُونَ",
      "verseStringB": "Had Allah recognized any good in them, He would have made them hear. And had He made them hear, they would have turned away, defiantly."
    },
    {
      "verseNumber": 24,
      "verseString": "يَا أَيُّهَا الَّذِينَ آمَنُوا اسْتَجِيبُوا لِلَّهِ وَلِلرَّسُولِ إِذَا دَعَاكُمْ لِمَا يُحْيِيكُمْ ۖ وَاعْلَمُوا أَنَّ اللَّهَ يَحُولُ بَيْنَ الْمَرْءِ وَقَلْبِهِ وَأَنَّهُ إِلَيْهِ تُحْشَرُونَ",
      "verseStringB": "O you who believe! Respond to Allah and to the Messenger when he calls you to what revives you. And know that Allah stands between a person and his heart, and that to Him you will be gathered."
    },
    {
      "verseNumber": 25,
      "verseString": "وَاتَّقُوا فِتْنَةً لَا تُصِيبَنَّ الَّذِينَ ظَلَمُوا مِنْكُمْ خَاصَّةً ۖ وَاعْلَمُوا أَنَّ اللَّهَ شَدِيدُ الْعِقَابِ",
      "verseStringB": "And beware of discord which does not afflict the wrongdoers among you exclusively, and know that Allah is severe in retribution."
    },
    {
      "verseNumber": 26,
      "verseString": "وَاذْكُرُوا إِذْ أَنْتُمْ قَلِيلٌ مُسْتَضْعَفُونَ فِي الْأَرْضِ تَخَافُونَ أَنْ يَتَخَطَّفَكُمُ النَّاسُ فَآوَاكُمْ وَأَيَّدَكُمْ بِنَصْرِهِ وَرَزَقَكُمْ مِنَ الطَّيِّبَاتِ لَعَلَّكُمْ تَشْكُرُونَ",
      "verseStringB": "And remember when you were few, oppressed in the land, fearing that people may capture you; but He sheltered you, and supported you with His victory, and provided you with good things—so that you may give thanks."
    },
    {
      "verseNumber": 27,
      "verseString": "يَا أَيُّهَا الَّذِينَ آمَنُوا لَا تَخُونُوا اللَّهَ وَالرَّسُولَ وَتَخُونُوا أَمَانَاتِكُمْ وَأَنْتُمْ تَعْلَمُونَ",
      "verseStringB": "O you who believe! Do not betray Allah and the Messenger, nor betray your trusts knowingly."
    },
    {
      "verseNumber": 28,
      "verseString": "وَاعْلَمُوا أَنَّمَا أَمْوَالُكُمْ وَأَوْلَادُكُمْ فِتْنَةٌ وَأَنَّ اللَّهَ عِنْدَهُ أَجْرٌ عَظِيمٌ",
      "verseStringB": "And know that your possessions and your children are a test, and that with Allah is an immense reward."
    },
    {
      "verseNumber": 29,
      "verseString": "يَا أَيُّهَا الَّذِينَ آمَنُوا إِنْ تَتَّقُوا اللَّهَ يَجْعَلْ لَكُمْ فُرْقَانًا وَيُكَفِّرْ عَنْكُمْ سَيِّئَاتِكُمْ وَيَغْفِرْ لَكُمْ ۗ وَاللَّهُ ذُو الْفَضْلِ الْعَظِيمِ",
      "verseStringB": "O you who believe! If you remain conscious of Allah, He will give you a criterion, and will remit from you your sins, and will forgive you. Allah is Lord of infinite bounty."
    },
    {
      "verseNumber": 30,
      "verseString": "وَإِذْ يَمْكُرُ بِكَ الَّذِينَ كَفَرُوا لِيُثْبِتُوكَ أَوْ يَقْتُلُوكَ أَوْ يُخْرِجُوكَ ۚ وَيَمْكُرُونَ وَيَمْكُرُ اللَّهُ ۖ وَاللَّهُ خَيْرُ الْمَاكِرِينَ",
      "verseStringB": "As the unbelievers plotted against you, to imprison you, or to kill you, or to exile you. They planned, and Allah planned, but Allah is the Best of planners."
    },
    {
      "verseNumber": 31,
      "verseString": "وَإِذَا تُتْلَىٰ عَلَيْهِمْ آيَاتُنَا قَالُوا قَدْ سَمِعْنَا لَوْ نَشَاءُ لَقُلْنَا مِثْلَ هَٰذَا ۙ إِنْ هَٰذَا إِلَّا أَسَاطِيرُ الْأَوَّلِينَ",
      "verseStringB": "And when Our revelations are read to them, they say, “We have heard. Had we willed, we could have said the like of this; these are nothing but myths of the ancients.”"
    },
    {
      "verseNumber": 32,
      "verseString": "وَإِذْ قَالُوا اللَّهُمَّ إِنْ كَانَ هَٰذَا هُوَ الْحَقَّ مِنْ عِنْدِكَ فَأَمْطِرْ عَلَيْنَا حِجَارَةً مِنَ السَّمَاءِ أَوِ ائْتِنَا بِعَذَابٍ أَلِيمٍ",
      "verseStringB": "And they said, “Our God, if this is the truth from You, then rain down on us stones from the sky, or bring upon us a painful affliction.”"
    },
    {
      "verseNumber": 33,
      "verseString": "وَمَا كَانَ اللَّهُ لِيُعَذِّبَهُمْ وَأَنْتَ فِيهِمْ ۚ وَمَا كَانَ اللَّهُ مُعَذِّبَهُمْ وَهُمْ يَسْتَغْفِرُونَ",
      "verseStringB": "But Allah will not punish them while you are among them. And Allah will not punish them while they ask for forgiveness."
    },
    {
      "verseNumber": 34,
      "verseString": "وَمَا لَهُمْ أَلَّا يُعَذِّبَهُمُ اللَّهُ وَهُمْ يَصُدُّونَ عَنِ الْمَسْجِدِ الْحَرَامِ وَمَا كَانُوا أَوْلِيَاءَهُ ۚ إِنْ أَوْلِيَاؤُهُ إِلَّا الْمُتَّقُونَ وَلَٰكِنَّ أَكْثَرَهُمْ لَا يَعْلَمُونَ",
      "verseStringB": "And why should Allah not punish them, when they are preventing others from the Sacred Sanctuary, although they are not its custodians? Its rightful custodians are none but the reverent, but most of them do not know."
    },
    {
      "verseNumber": 35,
      "verseString": "وَمَا كَانَ صَلَاتُهُمْ عِنْدَ الْبَيْتِ إِلَّا مُكَاءً وَتَصْدِيَةً ۚ فَذُوقُوا الْعَذَابَ بِمَا كُنْتُمْ تَكْفُرُونَ",
      "verseStringB": "Their prayer at the House was nothing but whistling and clapping. So taste the punishment for having disbelieved."
    },
    {
      "verseNumber": 36,
      "verseString": "إِنَّ الَّذِينَ كَفَرُوا يُنْفِقُونَ أَمْوَالَهُمْ لِيَصُدُّوا عَنْ سَبِيلِ اللَّهِ ۚ فَسَيُنْفِقُونَهَا ثُمَّ تَكُونُ عَلَيْهِمْ حَسْرَةً ثُمَّ يُغْلَبُونَ ۗ وَالَّذِينَ كَفَرُوا إِلَىٰ جَهَنَّمَ يُحْشَرُونَ",
      "verseStringB": "Those who disbelieve spend their wealth to repel from Allah’s path. They will spend it, then it will become a source of regret for them, then they will be defeated. Those who disbelieve will be gathered into Hell."
    },
    {
      "verseNumber": 37,
      "verseString": "لِيَمِيزَ اللَّهُ الْخَبِيثَ مِنَ الطَّيِّبِ وَيَجْعَلَ الْخَبِيثَ بَعْضَهُ عَلَىٰ بَعْضٍ فَيَرْكُمَهُ جَمِيعًا فَيَجْعَلَهُ فِي جَهَنَّمَ ۚ أُولَٰئِكَ هُمُ الْخَاسِرُونَ",
      "verseStringB": "So that Allah may separate the bad from the good, and heap the bad on top of one another, and pile them together, and throw them in Hell. These are the losers."
    },
    {
      "verseNumber": 38,
      "verseString": "قُلْ لِلَّذِينَ كَفَرُوا إِنْ يَنْتَهُوا يُغْفَرْ لَهُمْ مَا قَدْ سَلَفَ وَإِنْ يَعُودُوا فَقَدْ مَضَتْ سُنَّتُ الْأَوَّلِينَ",
      "verseStringB": "Say to those who disbelieve: if they cease, what is past will be forgiven them. But if they relapse—the practice of the ancients has passed away."
    },
    {
      "verseNumber": 39,
      "verseString": "وَقَاتِلُوهُمْ حَتَّىٰ لَا تَكُونَ فِتْنَةٌ وَيَكُونَ الدِّينُ كُلُّهُ لِلَّهِ ۚ فَإِنِ انْتَهَوْا فَإِنَّ اللَّهَ بِمَا يَعْمَلُونَ بَصِيرٌ",
      "verseStringB": "Fight them until there is no more persecution, and religion becomes exclusively for Allah. But if they cease—Allah is Seeing of what they do."
    },
    {
      "verseNumber": 40,
      "verseString": "وَإِنْ تَوَلَّوْا فَاعْلَمُوا أَنَّ اللَّهَ مَوْلَاكُمْ ۚ نِعْمَ الْمَوْلَىٰ وَنِعْمَ النَّصِيرُ",
      "verseStringB": "And if they turn away, know that Allah is your Protector. The Excellent Protector, and the Excellent Supporter."
    },
    {
      "verseNumber": 41,
      "verseString": "وَاعْلَمُوا أَنَّمَا غَنِمْتُمْ مِنْ شَيْءٍ فَأَنَّ لِلَّهِ خُمُسَهُ وَلِلرَّسُولِ وَلِذِي الْقُرْبَىٰ وَالْيَتَامَىٰ وَالْمَسَاكِينِ وَابْنِ السَّبِيلِ إِنْ كُنْتُمْ آمَنْتُمْ بِاللَّهِ وَمَا أَنْزَلْنَا عَلَىٰ عَبْدِنَا يَوْمَ الْفُرْقَانِ يَوْمَ الْتَقَى الْجَمْعَانِ ۗ وَاللَّهُ عَلَىٰ كُلِّ شَيْءٍ قَدِيرٌ",
      "verseStringB": "And know that whatever spoils you gain, to Allah belongs its fifth, and to the Messenger, and the relatives, and the orphans, and the poor, and to the homeless, provided you believe in Allah and in what We revealed to Our servant on the Day of Distinction—the day when the two groups met. Allah is Capable of everything."
    },
    {
      "verseNumber": 42,
      "verseString": "إِذْ أَنْتُمْ بِالْعُدْوَةِ الدُّنْيَا وَهُمْ بِالْعُدْوَةِ الْقُصْوَىٰ وَالرَّكْبُ أَسْفَلَ مِنْكُمْ ۚ وَلَوْ تَوَاعَدْتُمْ لَاخْتَلَفْتُمْ فِي الْمِيعَادِ ۙ وَلَٰكِنْ لِيَقْضِيَ اللَّهُ أَمْرًا كَانَ مَفْعُولًا لِيَهْلِكَ مَنْ هَلَكَ عَنْ بَيِّنَةٍ وَيَحْيَىٰ مَنْ حَيَّ عَنْ بَيِّنَةٍ ۗ وَإِنَّ اللَّهَ لَسَمِيعٌ عَلِيمٌ",
      "verseStringB": "When you were on the nearer bank, and they were on the further bank, and the caravan was below you. Had you planned for this meeting, you would have disagreed on the timing. But Allah was to carry out a predetermined matter: so that those who perish would perish by clear evidence, and those who survive would survive by clear evidence. Allah is Hearing and Knowing."
    },
    {
      "verseNumber": 43,
      "verseString": "إِذْ يُرِيكَهُمُ اللَّهُ فِي مَنَامِكَ قَلِيلًا ۖ وَلَوْ أَرَاكَهُمْ كَثِيرًا لَفَشِلْتُمْ وَلَتَنَازَعْتُمْ فِي الْأَمْرِ وَلَٰكِنَّ اللَّهَ سَلَّمَ ۗ إِنَّهُ عَلِيمٌ بِذَاتِ الصُّدُورِ",
      "verseStringB": "Allah made them appear in your dream as few. Had He made them appear as many, you would have faltered, and disputed over the matter. But Allah saved the situation. He knows what is within the hearts."
    },
    {
      "verseNumber": 44,
      "verseString": "وَإِذْ يُرِيكُمُوهُمْ إِذِ الْتَقَيْتُمْ فِي أَعْيُنِكُمْ قَلِيلًا وَيُقَلِّلُكُمْ فِي أَعْيُنِهِمْ لِيَقْضِيَ اللَّهُ أَمْرًا كَانَ مَفْعُولًا ۗ وَإِلَى اللَّهِ تُرْجَعُ الْأُمُورُ",
      "verseStringB": "When you met, He made them appear as few in your eyes, and He made you appear fewer in their eyes, so that Allah may conclude a predetermined matter. To Allah all matters revert."
    },
    {
      "verseNumber": 45,
      "verseString": "يَا أَيُّهَا الَّذِينَ آمَنُوا إِذَا لَقِيتُمْ فِئَةً فَاثْبُتُوا وَاذْكُرُوا اللَّهَ كَثِيرًا لَعَلَّكُمْ تُفْلِحُونَ",
      "verseStringB": "O you who believe! When you meet a force, be firm, and remember Allah much, so that you may prevail."
    },
    {
      "verseNumber": 46,
      "verseString": "وَأَطِيعُوا اللَّهَ وَرَسُولَهُ وَلَا تَنَازَعُوا فَتَفْشَلُوا وَتَذْهَبَ رِيحُكُمْ ۖ وَاصْبِرُوا ۚ إِنَّ اللَّهَ مَعَ الصَّابِرِينَ",
      "verseStringB": "And obey Allah and His Messenger, and do not dispute, lest you falter and lose your courage. And be patient; Allah is with the patient."
    },
    {
      "verseNumber": 47,
      "verseString": "وَلَا تَكُونُوا كَالَّذِينَ خَرَجُوا مِنْ دِيَارِهِمْ بَطَرًا وَرِئَاءَ النَّاسِ وَيَصُدُّونَ عَنْ سَبِيلِ اللَّهِ ۚ وَاللَّهُ بِمَا يَعْمَلُونَ مُحِيطٌ",
      "verseStringB": "And be not like those who left their homes boastfully, only to be seen by people, and hindering others from Allah’s path. Allah comprehends what they do."
    },
    {
      "verseNumber": 48,
      "verseString": "وَإِذْ زَيَّنَ لَهُمُ الشَّيْطَانُ أَعْمَالَهُمْ وَقَالَ لَا غَالِبَ لَكُمُ الْيَوْمَ مِنَ النَّاسِ وَإِنِّي جَارٌ لَكُمْ ۖ فَلَمَّا تَرَاءَتِ الْفِئَتَانِ نَكَصَ عَلَىٰ عَقِبَيْهِ وَقَالَ إِنِّي بَرِيءٌ مِنْكُمْ إِنِّي أَرَىٰ مَا لَا تَرَوْنَ إِنِّي أَخَافُ اللَّهَ ۚ وَاللَّهُ شَدِيدُ الْعِقَابِ",
      "verseStringB": "Satan made their deeds appealing to them, and said, “You cannot be defeated by any people today, and I am at your side.” But when the two groups faced off, he turned on his heels, and said, “I have nothing to do with you; I see what you do not see; I fear Allah; Allah is severe in punishment.”"
    },
    {
      "verseNumber": 49,
      "verseString": "إِذْ يَقُولُ الْمُنَافِقُونَ وَالَّذِينَ فِي قُلُوبِهِمْ مَرَضٌ غَرَّ هَٰؤُلَاءِ دِينُهُمْ ۗ وَمَنْ يَتَوَكَّلْ عَلَى اللَّهِ فَإِنَّ اللَّهَ عَزِيزٌ حَكِيمٌ",
      "verseStringB": "When the hypocrites and those with sickness in their hearts, said, “These were deluded by their faith.” But whoever puts his trust in Allah—Allah is Powerful and Wise."
    },
    {
      "verseNumber": 50,
      "verseString": "وَلَوْ تَرَىٰ إِذْ يَتَوَفَّى الَّذِينَ كَفَرُوا ۙ الْمَلَائِكَةُ يَضْرِبُونَ وُجُوهَهُمْ وَأَدْبَارَهُمْ وَذُوقُوا عَذَابَ الْحَرِيقِ",
      "verseStringB": "If only you could see, as the angels retrieve those who disbelieve, striking their faces and their backs: “Taste the agony of burning.”"
    },
    {
      "verseNumber": 51,
      "verseString": "ذَٰلِكَ بِمَا قَدَّمَتْ أَيْدِيكُمْ وَأَنَّ اللَّهَ لَيْسَ بِظَلَّامٍ لِلْعَبِيدِ",
      "verseStringB": "“That is because of what your hands have committed, and because Allah is not unjust to the servants.”"
    },
    {
      "verseNumber": 52,
      "verseString": "كَدَأْبِ آلِ فِرْعَوْنَ ۙ وَالَّذِينَ مِنْ قَبْلِهِمْ ۚ كَفَرُوا بِآيَاتِ اللَّهِ فَأَخَذَهُمُ اللَّهُ بِذُنُوبِهِمْ ۗ إِنَّ اللَّهَ قَوِيٌّ شَدِيدُ الْعِقَابِ",
      "verseStringB": "Like the behavior of Pharaoh’s people, and those before them. They rejected Allah’s signs, so Allah seized them for their sins. Allah is Powerful, Severe in retribution."
    },
    {
      "verseNumber": 53,
      "verseString": "ذَٰلِكَ بِأَنَّ اللَّهَ لَمْ يَكُ مُغَيِّرًا نِعْمَةً أَنْعَمَهَا عَلَىٰ قَوْمٍ حَتَّىٰ يُغَيِّرُوا مَا بِأَنْفُسِهِمْ ۙ وَأَنَّ اللَّهَ سَمِيعٌ عَلِيمٌ",
      "verseStringB": "That is because Allah never changes a blessing He has bestowed on a people, unless they change what is within themselves; and because Allah is Hearing and Knowing."
    },
    {
      "verseNumber": 54,
      "verseString": "كَدَأْبِ آلِ فِرْعَوْنَ ۙ وَالَّذِينَ مِنْ قَبْلِهِمْ ۚ كَذَّبُوا بِآيَاتِ رَبِّهِمْ فَأَهْلَكْنَاهُمْ بِذُنُوبِهِمْ وَأَغْرَقْنَا آلَ فِرْعَوْنَ ۚ وَكُلٌّ كَانُوا ظَالِمِينَ",
      "verseStringB": "Such was the case of Pharaoh’s people and those before them. They denied the signs of their Lord, so We destroyed them for their wrongs, and We drowned Pharaoh’s people—all were evildoers."
    },
    {
      "verseNumber": 55,
      "verseString": "إِنَّ شَرَّ الدَّوَابِّ عِنْدَ اللَّهِ الَّذِينَ كَفَرُوا فَهُمْ لَا يُؤْمِنُونَ",
      "verseStringB": "The worst of creatures in Allah's view are those who disbelieve. They refuse to believe."
    },
    {
      "verseNumber": 56,
      "verseString": "الَّذِينَ عَاهَدْتَ مِنْهُمْ ثُمَّ يَنْقُضُونَ عَهْدَهُمْ فِي كُلِّ مَرَّةٍ وَهُمْ لَا يَتَّقُونَ",
      "verseStringB": "Those of them with whom you made a treaty, but they violate their agreement on every occasion. They are not righteous."
    },
    {
      "verseNumber": 57,
      "verseString": "فَإِمَّا تَثْقَفَنَّهُمْ فِي الْحَرْبِ فَشَرِّدْ بِهِمْ مَنْ خَلْفَهُمْ لَعَلَّهُمْ يَذَّكَّرُونَ",
      "verseStringB": "If you confront them in battle, make a fearsome example of them, so that those who follow them may be deterred."
    },
    {
      "verseNumber": 58,
      "verseString": "وَإِمَّا تَخَافَنَّ مِنْ قَوْمٍ خِيَانَةً فَانْبِذْ إِلَيْهِمْ عَلَىٰ سَوَاءٍ ۚ إِنَّ اللَّهَ لَا يُحِبُّ الْخَائِنِينَ",
      "verseStringB": "And if you fear treachery from a people, break off with them in like manner. Allah does not like the betrayers."
    },
    {
      "verseNumber": 59,
      "verseString": "وَلَا يَحْسَبَنَّ الَّذِينَ كَفَرُوا سَبَقُوا ۚ إِنَّهُمْ لَا يُعْجِزُونَ",
      "verseStringB": "And let not the disbelievers assume that they are ahead. They will not escape."
    },
    {
      "verseNumber": 60,
      "verseString": "وَأَعِدُّوا لَهُمْ مَا اسْتَطَعْتُمْ مِنْ قُوَّةٍ وَمِنْ رِبَاطِ الْخَيْلِ تُرْهِبُونَ بِهِ عَدُوَّ اللَّهِ وَعَدُوَّكُمْ وَآخَرِينَ مِنْ دُونِهِمْ لَا تَعْلَمُونَهُمُ اللَّهُ يَعْلَمُهُمْ ۚ وَمَا تُنْفِقُوا مِنْ شَيْءٍ فِي سَبِيلِ اللَّهِ يُوَفَّ إِلَيْكُمْ وَأَنْتُمْ لَا تُظْلَمُونَ",
      "verseStringB": "And prepare against them whatever forces you can muster, and all the cavalry you can mobilize, to terrify thereby Allah’s enemies and your enemies, and others besides them whom you do not know, but Allah knows them. Whatever you spend in Allah’s way will be repaid to you in full, and you will not be wronged."
    },
    {
      "verseNumber": 61,
      "verseString": "وَإِنْ جَنَحُوا لِلسَّلْمِ فَاجْنَحْ لَهَا وَتَوَكَّلْ عَلَى اللَّهِ ۚ إِنَّهُ هُوَ السَّمِيعُ الْعَلِيمُ",
      "verseStringB": "But if they incline towards peace, then incline towards it, and put your trust in Allah. He is the Hearer, the Knower."
    },
    {
      "verseNumber": 62,
      "verseString": "وَإِنْ يُرِيدُوا أَنْ يَخْدَعُوكَ فَإِنَّ حَسْبَكَ اللَّهُ ۚ هُوَ الَّذِي أَيَّدَكَ بِنَصْرِهِ وَبِالْمُؤْمِنِينَ",
      "verseStringB": "And if they intend to deceive you—Allah is sufficient for you. It is He who supported you with His aid, and with the believers."
    },
    {
      "verseNumber": 63,
      "verseString": "وَأَلَّفَ بَيْنَ قُلُوبِهِمْ ۚ لَوْ أَنْفَقْتَ مَا فِي الْأَرْضِ جَمِيعًا مَا أَلَّفْتَ بَيْنَ قُلُوبِهِمْ وَلَٰكِنَّ اللَّهَ أَلَّفَ بَيْنَهُمْ ۚ إِنَّهُ عَزِيزٌ حَكِيمٌ",
      "verseStringB": "And He united their hearts. Had you spent everything on earth, you would not have united their hearts, but Allah united them together. He is Mighty and Wise."
    },
    {
      "verseNumber": 64,
      "verseString": "يَا أَيُّهَا النَّبِيُّ حَسْبُكَ اللَّهُ وَمَنِ اتَّبَعَكَ مِنَ الْمُؤْمِنِينَ",
      "verseStringB": "O prophet! Count on Allah, and on the believers who have followed you."
    },
    {
      "verseNumber": 65,
      "verseString": "يَا أَيُّهَا النَّبِيُّ حَرِّضِ الْمُؤْمِنِينَ عَلَى الْقِتَالِ ۚ إِنْ يَكُنْ مِنْكُمْ عِشْرُونَ صَابِرُونَ يَغْلِبُوا مِائَتَيْنِ ۚ وَإِنْ يَكُنْ مِنْكُمْ مِائَةٌ يَغْلِبُوا أَلْفًا مِنَ الَّذِينَ كَفَرُوا بِأَنَّهُمْ قَوْمٌ لَا يَفْقَهُونَ",
      "verseStringB": "O prophet! Rouse the believers to battle. If there are twenty persevering among you, they will defeat two hundred; and if there are a hundred of you, they will defeat a thousand of those who disbelieve; because they are a people who do not understand."
    },
    {
      "verseNumber": 66,
      "verseString": "الْآنَ خَفَّفَ اللَّهُ عَنْكُمْ وَعَلِمَ أَنَّ فِيكُمْ ضَعْفًا ۚ فَإِنْ يَكُنْ مِنْكُمْ مِائَةٌ صَابِرَةٌ يَغْلِبُوا مِائَتَيْنِ ۚ وَإِنْ يَكُنْ مِنْكُمْ أَلْفٌ يَغْلِبُوا أَلْفَيْنِ بِإِذْنِ اللَّهِ ۗ وَاللَّهُ مَعَ الصَّابِرِينَ",
      "verseStringB": "Allah has now lightened your burden, knowing that there is a weakness in you. If there are a hundred persevering among you, they will defeat two hundred; and if there are a thousand of you, they will defeat two thousand by Allah’s leave. Allah is with the patient."
    },
    {
      "verseNumber": 67,
      "verseString": "مَا كَانَ لِنَبِيٍّ أَنْ يَكُونَ لَهُ أَسْرَىٰ حَتَّىٰ يُثْخِنَ فِي الْأَرْضِ ۚ تُرِيدُونَ عَرَضَ الدُّنْيَا وَاللَّهُ يُرِيدُ الْآخِرَةَ ۗ وَاللَّهُ عَزِيزٌ حَكِيمٌ",
      "verseStringB": "It is not for a prophet to take prisoners before he has conquered the land. You desire the materials of this world, but Allah desires the Hereafter. Allah is Strong and Wise."
    },
    {
      "verseNumber": 68,
      "verseString": "لَوْلَا كِتَابٌ مِنَ اللَّهِ سَبَقَ لَمَسَّكُمْ فِيمَا أَخَذْتُمْ عَذَابٌ عَظِيمٌ",
      "verseStringB": "Were it not for a previous instruction from Allah, an awful punishment would have afflicted you for what you took."
    },
    {
      "verseNumber": 69,
      "verseString": "فَكُلُوا مِمَّا غَنِمْتُمْ حَلَالًا طَيِّبًا ۚ وَاتَّقُوا اللَّهَ ۚ إِنَّ اللَّهَ غَفُورٌ رَحِيمٌ",
      "verseStringB": "So consume what you have gained, legitimate and wholesome; and remain conscious of Allah. Allah is Forgiving and Merciful."
    },
    {
      "verseNumber": 70,
      "verseString": "يَا أَيُّهَا النَّبِيُّ قُلْ لِمَنْ فِي أَيْدِيكُمْ مِنَ الْأَسْرَىٰ إِنْ يَعْلَمِ اللَّهُ فِي قُلُوبِكُمْ خَيْرًا يُؤْتِكُمْ خَيْرًا مِمَّا أُخِذَ مِنْكُمْ وَيَغْفِرْ لَكُمْ ۗ وَاللَّهُ غَفُورٌ رَحِيمٌ",
      "verseStringB": "O prophet! Say to those you hold prisoners, “If Allah finds goodness in your hearts, He will give you better than what was taken from you, and He will forgive you. Allah is Forgiving and Merciful.”"
    },
    {
      "verseNumber": 71,
      "verseString": "وَإِنْ يُرِيدُوا خِيَانَتَكَ فَقَدْ خَانُوا اللَّهَ مِنْ قَبْلُ فَأَمْكَنَ مِنْهُمْ ۗ وَاللَّهُ عَلِيمٌ حَكِيمٌ",
      "verseStringB": "But if they intend to betray you, they have already betrayed Allah, and He has overpowered them. Allah is Knowing and Wise."
    },
    {
      "verseNumber": 72,
      "verseString": "إِنَّ الَّذِينَ آمَنُوا وَهَاجَرُوا وَجَاهَدُوا بِأَمْوَالِهِمْ وَأَنْفُسِهِمْ فِي سَبِيلِ اللَّهِ وَالَّذِينَ آوَوْا وَنَصَرُوا أُولَٰئِكَ بَعْضُهُمْ أَوْلِيَاءُ بَعْضٍ ۚ وَالَّذِينَ آمَنُوا وَلَمْ يُهَاجِرُوا مَا لَكُمْ مِنْ وَلَايَتِهِمْ مِنْ شَيْءٍ حَتَّىٰ يُهَاجِرُوا ۚ وَإِنِ اسْتَنْصَرُوكُمْ فِي الدِّينِ فَعَلَيْكُمُ النَّصْرُ إِلَّا عَلَىٰ قَوْمٍ بَيْنَكُمْ وَبَيْنَهُمْ مِيثَاقٌ ۗ وَاللَّهُ بِمَا تَعْمَلُونَ بَصِيرٌ",
      "verseStringB": "Those who believed, and emigrated, and struggled in Allah’s cause with their wealth and their lives, and those who provided shelter and support—these are allies of one another. As for those who believed, but did not emigrate, you owe them no protection until they have emigrated. But if they seek your help in faith, you must come to their aid, except against a people with whom you have a treaty. Allah is Seeing of whatever you do."
    },
    {
      "verseNumber": 73,
      "verseString": "وَالَّذِينَ كَفَرُوا بَعْضُهُمْ أَوْلِيَاءُ بَعْضٍ ۚ إِلَّا تَفْعَلُوهُ تَكُنْ فِتْنَةٌ فِي الْأَرْضِ وَفَسَادٌ كَبِيرٌ",
      "verseStringB": "As for those who disbelieve: they are allies of one another. Unless you do this, there will be turmoil in the land, and much corruption."
    },
    {
      "verseNumber": 74,
      "verseString": "وَالَّذِينَ آمَنُوا وَهَاجَرُوا وَجَاهَدُوا فِي سَبِيلِ اللَّهِ وَالَّذِينَ آوَوْا وَنَصَرُوا أُولَٰئِكَ هُمُ الْمُؤْمِنُونَ حَقًّا ۚ لَهُمْ مَغْفِرَةٌ وَرِزْقٌ كَرِيمٌ",
      "verseStringB": "Those who believed, and emigrated, and struggled for Allah’s cause, and those who gave shelter and support—these are truly the believers. They will have forgiveness and a bountiful provision."
    },
    {
      "verseNumber": 75,
      "verseString": "وَالَّذِينَ آمَنُوا مِنْ بَعْدُ وَهَاجَرُوا وَجَاهَدُوا مَعَكُمْ فَأُولَٰئِكَ مِنْكُمْ ۚ وَأُولُو الْأَرْحَامِ بَعْضُهُمْ أَوْلَىٰ بِبَعْضٍ فِي كِتَابِ اللَّهِ ۗ إِنَّ اللَّهَ بِكُلِّ شَيْءٍ عَلِيمٌ",
      "verseStringB": "As for those who believed afterward and emigrated and struggled alongside you—these belong with you. But family relations have the strongest claim on one another in Allah’s book. Allah is Cognizant of all things."
    }
  ],
  "nameEnglish": "The Spoils",
  "nameTrans": "al-Anfal",
  "nameArabic": "الأنفال",
  "chapterNumber": 8,
  "nVerses": 75
}