{
  "verses": [
    {
      "verseNumber": 0,
      "verseString": "بِسْمِ اللَّهِ الرَّحْمَٰنِ الرَّحِيمِ",
      "verseStringB": "In the name of Allah, the Compassionate, the Merciful."
    },
    {
      "verseNumber": 1,
      "verseString": "الر ۚ كِتَابٌ أُحْكِمَتْ آيَاتُهُ ثُمَّ فُصِّلَتْ مِنْ لَدُنْ حَكِيمٍ خَبِيرٍ",
      "verseStringB": "Alif. Lam. Ra. A Scripture whose Verses were perfected, then explained. From the presence of One Wise and Aware."
    },
    {
      "verseNumber": 2,
      "verseString": "أَلَّا تَعْبُدُوا إِلَّا اللَّهَ ۚ إِنَّنِي لَكُمْ مِنْهُ نَذِيرٌ وَبَشِيرٌ",
      "verseStringB": "That you shall worship none but Allah. “I am a warner to you from Him, and a deliverer of good news.”"
    },
    {
      "verseNumber": 3,
      "verseString": "وَأَنِ اسْتَغْفِرُوا رَبَّكُمْ ثُمَّ تُوبُوا إِلَيْهِ يُمَتِّعْكُمْ مَتَاعًا حَسَنًا إِلَىٰ أَجَلٍ مُسَمًّى وَيُؤْتِ كُلَّ ذِي فَضْلٍ فَضْلَهُ ۖ وَإِنْ تَوَلَّوْا فَإِنِّي أَخَافُ عَلَيْكُمْ عَذَابَ يَوْمٍ كَبِيرٍ",
      "verseStringB": "“And seek forgiveness from your Lord, and turn to Him in repentance. He will grant you a good provision for a stated term, and He will bestow His grace on every possessor of virtue. But if you turn away: then I fear for you the punishment of a formidable Day.”"
    },
    {
      "verseNumber": 4,
      "verseString": "إِلَى اللَّهِ مَرْجِعُكُمْ ۖ وَهُوَ عَلَىٰ كُلِّ شَيْءٍ قَدِيرٌ",
      "verseStringB": "“To Allah is your return, and He is capable of everything.”"
    },
    {
      "verseNumber": 5,
      "verseString": "أَلَا إِنَّهُمْ يَثْنُونَ صُدُورَهُمْ لِيَسْتَخْفُوا مِنْهُ ۚ أَلَا حِينَ يَسْتَغْشُونَ ثِيَابَهُمْ يَعْلَمُ مَا يُسِرُّونَ وَمَا يُعْلِنُونَ ۚ إِنَّهُ عَلِيمٌ بِذَاتِ الصُّدُورِ",
      "verseStringB": "They wrap their chests to hide from Him. But even as they cover themselves with their clothes, He knows what they hide and what they disclose. He knows what is within the hearts."
    },
    {
      "verseNumber": 6,
      "verseString": "وَمَا مِنْ دَابَّةٍ فِي الْأَرْضِ إِلَّا عَلَى اللَّهِ رِزْقُهَا وَيَعْلَمُ مُسْتَقَرَّهَا وَمُسْتَوْدَعَهَا ۚ كُلٌّ فِي كِتَابٍ مُبِينٍ",
      "verseStringB": "There is no moving creature on earth, but its sustenance depends on Allah. And He knows where it lives and where it rests. Everything is in a Clear Book."
    },
    {
      "verseNumber": 7,
      "verseString": "وَهُوَ الَّذِي خَلَقَ السَّمَاوَاتِ وَالْأَرْضَ فِي سِتَّةِ أَيَّامٍ وَكَانَ عَرْشُهُ عَلَى الْمَاءِ لِيَبْلُوَكُمْ أَيُّكُمْ أَحْسَنُ عَمَلًا ۗ وَلَئِنْ قُلْتَ إِنَّكُمْ مَبْعُوثُونَ مِنْ بَعْدِ الْمَوْتِ لَيَقُولَنَّ الَّذِينَ كَفَرُوا إِنْ هَٰذَا إِلَّا سِحْرٌ مُبِينٌ",
      "verseStringB": "It is He who created the heavens and the earth in six Days—and His Throne was upon the waters—in order to test you; as which of you is best in conduct. And if you were to say, “You will be resurrected after death,” those who disbelieve will say, “This is nothing but obvious witchcraft.”"
    },
    {
      "verseNumber": 8,
      "verseString": "وَلَئِنْ أَخَّرْنَا عَنْهُمُ الْعَذَابَ إِلَىٰ أُمَّةٍ مَعْدُودَةٍ لَيَقُولُنَّ مَا يَحْبِسُهُ ۗ أَلَا يَوْمَ يَأْتِيهِمْ لَيْسَ مَصْرُوفًا عَنْهُمْ وَحَاقَ بِهِمْ مَا كَانُوا بِهِ يَسْتَهْزِئُونَ",
      "verseStringB": "And if We postpone their punishment until a stated time, they will say, “What holds it back?” On the Day when it overtakes them, it will not be averted from them, and what they ridiculed will besiege them."
    },
    {
      "verseNumber": 9,
      "verseString": "وَلَئِنْ أَذَقْنَا الْإِنْسَانَ مِنَّا رَحْمَةً ثُمَّ نَزَعْنَاهَا مِنْهُ إِنَّهُ لَيَئُوسٌ كَفُورٌ",
      "verseStringB": "If We give the human being a taste of mercy from Us, then We withdraw it from him, he becomes hopeless and ungrateful."
    },
    {
      "verseNumber": 10,
      "verseString": "وَلَئِنْ أَذَقْنَاهُ نَعْمَاءَ بَعْدَ ضَرَّاءَ مَسَّتْهُ لَيَقُولَنَّ ذَهَبَ السَّيِّئَاتُ عَنِّي ۚ إِنَّهُ لَفَرِحٌ فَخُورٌ",
      "verseStringB": "And if We give him a taste of prosperity, after some adversity had touched him, he will say, “My troubles are gone from me.” He becomes happy and proud."
    },
    {
      "verseNumber": 11,
      "verseString": "إِلَّا الَّذِينَ صَبَرُوا وَعَمِلُوا الصَّالِحَاتِ أُولَٰئِكَ لَهُمْ مَغْفِرَةٌ وَأَجْرٌ كَبِيرٌ",
      "verseStringB": "Except those who endure patiently and do good deeds—these will have forgiveness and an immense reward."
    },
    {
      "verseNumber": 12,
      "verseString": "فَلَعَلَّكَ تَارِكٌ بَعْضَ مَا يُوحَىٰ إِلَيْكَ وَضَائِقٌ بِهِ صَدْرُكَ أَنْ يَقُولُوا لَوْلَا أُنْزِلَ عَلَيْهِ كَنْزٌ أَوْ جَاءَ مَعَهُ مَلَكٌ ۚ إِنَّمَا أَنْتَ نَذِيرٌ ۚ وَاللَّهُ عَلَىٰ كُلِّ شَيْءٍ وَكِيلٌ",
      "verseStringB": "Perhaps you wish to disregard some of what is revealed to you. And it stresses you, because they say, “If only a treasure was sent down to him, or an angel came with him.” You are only a warner, and Allah is Responsible for everything."
    },
    {
      "verseNumber": 13,
      "verseString": "أَمْ يَقُولُونَ افْتَرَاهُ ۖ قُلْ فَأْتُوا بِعَشْرِ سُوَرٍ مِثْلِهِ مُفْتَرَيَاتٍ وَادْعُوا مَنِ اسْتَطَعْتُمْ مِنْ دُونِ اللَّهِ إِنْ كُنْتُمْ صَادِقِينَ",
      "verseStringB": "Or do they say, “He made it up?” Say, “Then produce ten chapters like it, made up, and call upon whomever you can, apart from Allah, if you are truthful.”"
    },
    {
      "verseNumber": 14,
      "verseString": "فَإِلَّمْ يَسْتَجِيبُوا لَكُمْ فَاعْلَمُوا أَنَّمَا أُنْزِلَ بِعِلْمِ اللَّهِ وَأَنْ لَا إِلَٰهَ إِلَّا هُوَ ۖ فَهَلْ أَنْتُمْ مُسْلِمُونَ",
      "verseStringB": "But if they do not answer you, then know that it was revealed with Allah's knowledge, and that there is no god except He. Will you then submit?"
    },
    {
      "verseNumber": 15,
      "verseString": "مَنْ كَانَ يُرِيدُ الْحَيَاةَ الدُّنْيَا وَزِينَتَهَا نُوَفِّ إِلَيْهِمْ أَعْمَالَهُمْ فِيهَا وَهُمْ فِيهَا لَا يُبْخَسُونَ",
      "verseStringB": "Whoever desires the life of this world and its glitter—We will fully recompense them for their deeds therein, and therein they will not be defrauded."
    },
    {
      "verseNumber": 16,
      "verseString": "أُولَٰئِكَ الَّذِينَ لَيْسَ لَهُمْ فِي الْآخِرَةِ إِلَّا النَّارُ ۖ وَحَبِطَ مَا صَنَعُوا فِيهَا وَبَاطِلٌ مَا كَانُوا يَعْمَلُونَ",
      "verseStringB": "These—they will have nothing in the Hereafter except the Fire. Their efforts are in vain therein, and their works are null."
    },
    {
      "verseNumber": 17,
      "verseString": "أَفَمَنْ كَانَ عَلَىٰ بَيِّنَةٍ مِنْ رَبِّهِ وَيَتْلُوهُ شَاهِدٌ مِنْهُ وَمِنْ قَبْلِهِ كِتَابُ مُوسَىٰ إِمَامًا وَرَحْمَةً ۚ أُولَٰئِكَ يُؤْمِنُونَ بِهِ ۚ وَمَنْ يَكْفُرْ بِهِ مِنَ الْأَحْزَابِ فَالنَّارُ مَوْعِدُهُ ۚ فَلَا تَكُ فِي مِرْيَةٍ مِنْهُ ۚ إِنَّهُ الْحَقُّ مِنْ رَبِّكَ وَلَٰكِنَّ أَكْثَرَ النَّاسِ لَا يُؤْمِنُونَ",
      "verseStringB": "Is someone who possesses clear proof from his Lord, backed by testimony from Him, and preceded by the Book of Moses, a guide and a mercy? These believe in it. But whoever defies it from among the factions: the Fire is his promise. So have no doubt about it. It is the truth from your Lord, but most people do not believe."
    },
    {
      "verseNumber": 18,
      "verseString": "وَمَنْ أَظْلَمُ مِمَّنِ افْتَرَىٰ عَلَى اللَّهِ كَذِبًا ۚ أُولَٰئِكَ يُعْرَضُونَ عَلَىٰ رَبِّهِمْ وَيَقُولُ الْأَشْهَادُ هَٰؤُلَاءِ الَّذِينَ كَذَبُوا عَلَىٰ رَبِّهِمْ ۚ أَلَا لَعْنَةُ اللَّهِ عَلَى الظَّالِمِينَ",
      "verseStringB": "And who does more wrong than someone who fabricates lies against Allah? These will be presented before their Lord, and the witnesses will say, “These are the ones who lied about their Lord.” Surely, Allah’s condemnation is upon the wrongdoers."
    },
    {
      "verseNumber": 19,
      "verseString": "الَّذِينَ يَصُدُّونَ عَنْ سَبِيلِ اللَّهِ وَيَبْغُونَهَا عِوَجًا وَهُمْ بِالْآخِرَةِ هُمْ كَافِرُونَ",
      "verseStringB": "Those who hinder others from Allah’s path, and seek to make it crooked—and regarding the Hereafter, they are in denial."
    },
    {
      "verseNumber": 20,
      "verseString": "أُولَٰئِكَ لَمْ يَكُونُوا مُعْجِزِينَ فِي الْأَرْضِ وَمَا كَانَ لَهُمْ مِنْ دُونِ اللَّهِ مِنْ أَوْلِيَاءَ ۘ يُضَاعَفُ لَهُمُ الْعَذَابُ ۚ مَا كَانُوا يَسْتَطِيعُونَ السَّمْعَ وَمَا كَانُوا يُبْصِرُونَ",
      "verseStringB": "These will not escape on earth, and they have no protectors besides Allah. The punishment will be multiplied for them. They have failed to hear, and they have failed to see."
    },
    {
      "verseNumber": 21,
      "verseString": "أُولَٰئِكَ الَّذِينَ خَسِرُوا أَنْفُسَهُمْ وَضَلَّ عَنْهُمْ مَا كَانُوا يَفْتَرُونَ",
      "verseStringB": "It is they who have lost their souls, and whatever they fabricated has failed them."
    },
    {
      "verseNumber": 22,
      "verseString": "لَا جَرَمَ أَنَّهُمْ فِي الْآخِرَةِ هُمُ الْأَخْسَرُونَ",
      "verseStringB": "Without a doubt, in the Hereafter, they will be the worst losers."
    },
    {
      "verseNumber": 23,
      "verseString": "إِنَّ الَّذِينَ آمَنُوا وَعَمِلُوا الصَّالِحَاتِ وَأَخْبَتُوا إِلَىٰ رَبِّهِمْ أُولَٰئِكَ أَصْحَابُ الْجَنَّةِ ۖ هُمْ فِيهَا خَالِدُونَ",
      "verseStringB": "As for those who believe and do good deeds, and humble themselves before their Lord—these are the residents of Paradise, where they will remain forever."
    },
    {
      "verseNumber": 24,
      "verseString": "مَثَلُ الْفَرِيقَيْنِ كَالْأَعْمَىٰ وَالْأَصَمِّ وَالْبَصِيرِ وَالسَّمِيعِ ۚ هَلْ يَسْتَوِيَانِ مَثَلًا ۚ أَفَلَا تَذَكَّرُونَ",
      "verseStringB": "The parable of the two groups is that of the blind and the deaf, and the seeing and the hearing. Are they equal in comparison? Will you not reflect?"
    },
    {
      "verseNumber": 25,
      "verseString": "وَلَقَدْ أَرْسَلْنَا نُوحًا إِلَىٰ قَوْمِهِ إِنِّي لَكُمْ نَذِيرٌ مُبِينٌ",
      "verseStringB": "We sent Noah to his people, “I am to you a clear warner.”"
    },
    {
      "verseNumber": 26,
      "verseString": "أَنْ لَا تَعْبُدُوا إِلَّا اللَّهَ ۖ إِنِّي أَخَافُ عَلَيْكُمْ عَذَابَ يَوْمٍ أَلِيمٍ",
      "verseStringB": "“That you shall worship none but Allah. I fear for you the agony of a painful Day.”"
    },
    {
      "verseNumber": 27,
      "verseString": "فَقَالَ الْمَلَأُ الَّذِينَ كَفَرُوا مِنْ قَوْمِهِ مَا نَرَاكَ إِلَّا بَشَرًا مِثْلَنَا وَمَا نَرَاكَ اتَّبَعَكَ إِلَّا الَّذِينَ هُمْ أَرَاذِلُنَا بَادِيَ الرَّأْيِ وَمَا نَرَىٰ لَكُمْ عَلَيْنَا مِنْ فَضْلٍ بَلْ نَظُنُّكُمْ كَاذِبِينَ",
      "verseStringB": "The notables among his people who disbelieved said, “We see in you nothing but a human like us, and we see that only the lowliest among us have followed you, those of immature judgment. And we see that you have no advantage over us. In fact, we think you are liars.”"
    },
    {
      "verseNumber": 28,
      "verseString": "قَالَ يَا قَوْمِ أَرَأَيْتُمْ إِنْ كُنْتُ عَلَىٰ بَيِّنَةٍ مِنْ رَبِّي وَآتَانِي رَحْمَةً مِنْ عِنْدِهِ فَعُمِّيَتْ عَلَيْكُمْ أَنُلْزِمُكُمُوهَا وَأَنْتُمْ لَهَا كَارِهُونَ",
      "verseStringB": "He said, “O my people! Consider if I stand on clear evidence from my Lord, and He has blessed me with mercy from Himself, but you are blind to it. Can we force you to accept it, even though you are unwilling?”"
    },
    {
      "verseNumber": 29,
      "verseString": "وَيَا قَوْمِ لَا أَسْأَلُكُمْ عَلَيْهِ مَالًا ۖ إِنْ أَجْرِيَ إِلَّا عَلَى اللَّهِ ۚ وَمَا أَنَا بِطَارِدِ الَّذِينَ آمَنُوا ۚ إِنَّهُمْ مُلَاقُو رَبِّهِمْ وَلَٰكِنِّي أَرَاكُمْ قَوْمًا تَجْهَلُونَ",
      "verseStringB": "“O, my people! I ask of you no money for it. My wage is only from Allah. And I am not about to dismiss those who have believed—they will surely meet their Lord. And I see that you are ignorant people.”"
    },
    {
      "verseNumber": 30,
      "verseString": "وَيَا قَوْمِ مَنْ يَنْصُرُنِي مِنَ اللَّهِ إِنْ طَرَدْتُهُمْ ۚ أَفَلَا تَذَكَّرُونَ",
      "verseStringB": "“O, my people! Who would protect me from Allah, if I were to dismiss them? Will you not give a thought?”"
    },
    {
      "verseNumber": 31,
      "verseString": "وَلَا أَقُولُ لَكُمْ عِنْدِي خَزَائِنُ اللَّهِ وَلَا أَعْلَمُ الْغَيْبَ وَلَا أَقُولُ إِنِّي مَلَكٌ وَلَا أَقُولُ لِلَّذِينَ تَزْدَرِي أَعْيُنُكُمْ لَنْ يُؤْتِيَهُمُ اللَّهُ خَيْرًا ۖ اللَّهُ أَعْلَمُ بِمَا فِي أَنْفُسِهِمْ ۖ إِنِّي إِذًا لَمِنَ الظَّالِمِينَ",
      "verseStringB": "“And I do not say to you that I possess the treasuries of Allah; nor do I know the future; nor do I claim to be an angel; nor do I say that Allah will not grant goodness to those you look down upon. Allah knows best what is within them. If I did, I would be of the wrongdoers.”"
    },
    {
      "verseNumber": 32,
      "verseString": "قَالُوا يَا نُوحُ قَدْ جَادَلْتَنَا فَأَكْثَرْتَ جِدَالَنَا فَأْتِنَا بِمَا تَعِدُنَا إِنْ كُنْتَ مِنَ الصَّادِقِينَ",
      "verseStringB": "They said, “O Noah, you have argued with us, and argued much. Now bring upon us what you threaten us with—if you are truthful.”"
    },
    {
      "verseNumber": 33,
      "verseString": "قَالَ إِنَّمَا يَأْتِيكُمْ بِهِ اللَّهُ إِنْ شَاءَ وَمَا أَنْتُمْ بِمُعْجِزِينَ",
      "verseStringB": "He said, “It is Allah who will bring it upon you—if He wills—and you will not escape it.”"
    },
    {
      "verseNumber": 34,
      "verseString": "وَلَا يَنْفَعُكُمْ نُصْحِي إِنْ أَرَدْتُ أَنْ أَنْصَحَ لَكُمْ إِنْ كَانَ اللَّهُ يُرِيدُ أَنْ يُغْوِيَكُمْ ۚ هُوَ رَبُّكُمْ وَإِلَيْهِ تُرْجَعُونَ",
      "verseStringB": "“My advice will not benefit you—much as I desire to advise you—if Allah intends to confound you. He is your Lord; and to Him, you will be returned.”"
    },
    {
      "verseNumber": 35,
      "verseString": "أَمْ يَقُولُونَ افْتَرَاهُ ۖ قُلْ إِنِ افْتَرَيْتُهُ فَعَلَيَّ إِجْرَامِي وَأَنَا بَرِيءٌ مِمَّا تُجْرِمُونَ",
      "verseStringB": "Or do they say, “He made it up?” Say, “If I made it up, then my crime falls upon me. And I am innocent of the crimes you commit.”"
    },
    {
      "verseNumber": 36,
      "verseString": "وَأُوحِيَ إِلَىٰ نُوحٍ أَنَّهُ لَنْ يُؤْمِنَ مِنْ قَوْمِكَ إِلَّا مَنْ قَدْ آمَنَ فَلَا تَبْتَئِسْ بِمَا كَانُوا يَفْعَلُونَ",
      "verseStringB": "And it was revealed to Noah: “None of your people will believe, except those who have already believed. So do not be distressed by what they do.”"
    },
    {
      "verseNumber": 37,
      "verseString": "وَاصْنَعِ الْفُلْكَ بِأَعْيُنِنَا وَوَحْيِنَا وَلَا تُخَاطِبْنِي فِي الَّذِينَ ظَلَمُوا ۚ إِنَّهُمْ مُغْرَقُونَ",
      "verseStringB": "“And build the Ark, before Our eyes, and with Our inspiration. And do not address Me regarding those who did wrong—they will be drowned.”"
    },
    {
      "verseNumber": 38,
      "verseString": "وَيَصْنَعُ الْفُلْكَ وَكُلَّمَا مَرَّ عَلَيْهِ مَلَأٌ مِنْ قَوْمِهِ سَخِرُوا مِنْهُ ۚ قَالَ إِنْ تَسْخَرُوا مِنَّا فَإِنَّا نَسْخَرُ مِنْكُمْ كَمَا تَسْخَرُونَ",
      "verseStringB": "And he was building the Ark, and whenever notables among his people passed by him, they would ridicule him. He said, “If you ridicule us, we ridicule you, just as you ridicule.”"
    },
    {
      "verseNumber": 39,
      "verseString": "فَسَوْفَ تَعْلَمُونَ مَنْ يَأْتِيهِ عَذَابٌ يُخْزِيهِ وَيَحِلُّ عَلَيْهِ عَذَابٌ مُقِيمٌ",
      "verseStringB": "“You will know upon whom will come a humiliating punishment, and upon whom will fall lasting suffering.”"
    },
    {
      "verseNumber": 40,
      "verseString": "حَتَّىٰ إِذَا جَاءَ أَمْرُنَا وَفَارَ التَّنُّورُ قُلْنَا احْمِلْ فِيهَا مِنْ كُلٍّ زَوْجَيْنِ اثْنَيْنِ وَأَهْلَكَ إِلَّا مَنْ سَبَقَ عَلَيْهِ الْقَوْلُ وَمَنْ آمَنَ ۚ وَمَا آمَنَ مَعَهُ إِلَّا قَلِيلٌ",
      "verseStringB": "And when Our command came, and the volcano erupted, We said, “Board into it a pair of every kind, and your family—except those against whom the sentence has already passed—and those who believe.” But none believed with him except a few."
    },
    {
      "verseNumber": 41,
      "verseString": "وَقَالَ ارْكَبُوا فِيهَا بِسْمِ اللَّهِ مَجْرَاهَا وَمُرْسَاهَا ۚ إِنَّ رَبِّي لَغَفُورٌ رَحِيمٌ",
      "verseStringB": "And he said, “Embark in it. In the name of Allah be its sailing and its anchorage. My Lord is Forgiving and Merciful.”"
    },
    {
      "verseNumber": 42,
      "verseString": "وَهِيَ تَجْرِي بِهِمْ فِي مَوْجٍ كَالْجِبَالِ وَنَادَىٰ نُوحٌ ابْنَهُ وَكَانَ فِي مَعْزِلٍ يَا بُنَيَّ ارْكَبْ مَعَنَا وَلَا تَكُنْ مَعَ الْكَافِرِينَ",
      "verseStringB": "And so it sailed with them amidst waves like hills. And Noah called out to his son, who stood apart, “O my son! Embark with us, and be not with the unbelievers.”"
    },
    {
      "verseNumber": 43,
      "verseString": "قَالَ سَآوِي إِلَىٰ جَبَلٍ يَعْصِمُنِي مِنَ الْمَاءِ ۚ قَالَ لَا عَاصِمَ الْيَوْمَ مِنْ أَمْرِ اللَّهِ إِلَّا مَنْ رَحِمَ ۚ وَحَالَ بَيْنَهُمَا الْمَوْجُ فَكَانَ مِنَ الْمُغْرَقِينَ",
      "verseStringB": "He said, “I will take shelter on a mountain—it will protect me from the waters.” He said, “There is no protection from Allah’s command today, except for him on whom He has mercy.” And the waves surged between them, and he was of the drowned."
    },
    {
      "verseNumber": 44,
      "verseString": "وَقِيلَ يَا أَرْضُ ابْلَعِي مَاءَكِ وَيَا سَمَاءُ أَقْلِعِي وَغِيضَ الْمَاءُ وَقُضِيَ الْأَمْرُ وَاسْتَوَتْ عَلَى الْجُودِيِّ ۖ وَقِيلَ بُعْدًا لِلْقَوْمِ الظَّالِمِينَ",
      "verseStringB": "And it was said, “O earth, swallow your waters,” and “O sky, clear up.” And the waters receded, and the event was concluded, and it settled on Judi, and it was said, “Away with the wrongdoing people.”"
    },
    {
      "verseNumber": 45,
      "verseString": "وَنَادَىٰ نُوحٌ رَبَّهُ فَقَالَ رَبِّ إِنَّ ابْنِي مِنْ أَهْلِي وَإِنَّ وَعْدَكَ الْحَقُّ وَأَنْتَ أَحْكَمُ الْحَاكِمِينَ",
      "verseStringB": "And Noah called out to his Lord, and said, “O My Lord, my son is of my family, and Your promise is true, and You are the Wisest of judges.”"
    },
    {
      "verseNumber": 46,
      "verseString": "قَالَ يَا نُوحُ إِنَّهُ لَيْسَ مِنْ أَهْلِكَ ۖ إِنَّهُ عَمَلٌ غَيْرُ صَالِحٍ ۖ فَلَا تَسْأَلْنِ مَا لَيْسَ لَكَ بِهِ عِلْمٌ ۖ إِنِّي أَعِظُكَ أَنْ تَكُونَ مِنَ الْجَاهِلِينَ",
      "verseStringB": "He said, “O Noah, he is not of your family—he was of unrighteous conduct. So do not ask Me about what you have no knowledge of. I advise you, lest you be of the ignorant.”"
    },
    {
      "verseNumber": 47,
      "verseString": "قَالَ رَبِّ إِنِّي أَعُوذُ بِكَ أَنْ أَسْأَلَكَ مَا لَيْسَ لِي بِهِ عِلْمٌ ۖ وَإِلَّا تَغْفِرْ لِي وَتَرْحَمْنِي أَكُنْ مِنَ الْخَاسِرِينَ",
      "verseStringB": "He said, “O My Lord, I seek refuge in You, from asking You about what I have no knowledge of. Unless You forgive me and have mercy on me, I will be of the losers.”"
    },
    {
      "verseNumber": 48,
      "verseString": "قِيلَ يَا نُوحُ اهْبِطْ بِسَلَامٍ مِنَّا وَبَرَكَاتٍ عَلَيْكَ وَعَلَىٰ أُمَمٍ مِمَّنْ مَعَكَ ۚ وَأُمَمٌ سَنُمَتِّعُهُمْ ثُمَّ يَمَسُّهُمْ مِنَّا عَذَابٌ أَلِيمٌ",
      "verseStringB": "It was said, “O Noah, disembark with peace from Us; and with blessings upon you, and upon communities from those with you. And other communities We will grant prosperity, and then a painful torment from Us will befall them.”"
    },
    {
      "verseNumber": 49,
      "verseString": "تِلْكَ مِنْ أَنْبَاءِ الْغَيْبِ نُوحِيهَا إِلَيْكَ ۖ مَا كُنْتَ تَعْلَمُهَا أَنْتَ وَلَا قَوْمُكَ مِنْ قَبْلِ هَٰذَا ۖ فَاصْبِرْ ۖ إِنَّ الْعَاقِبَةَ لِلْمُتَّقِينَ",
      "verseStringB": "These are accounts from the past that we reveal to you. Neither you nor your people knew them before this. So be patient. The future belongs to the pious."
    },
    {
      "verseNumber": 50,
      "verseString": "وَإِلَىٰ عَادٍ أَخَاهُمْ هُودًا ۚ قَالَ يَا قَوْمِ اعْبُدُوا اللَّهَ مَا لَكُمْ مِنْ إِلَٰهٍ غَيْرُهُ ۖ إِنْ أَنْتُمْ إِلَّا مُفْتَرُونَ",
      "verseStringB": "And to Aad, their brother Hud. He said, “O my people! Worship Allah! You have no god other than Him. You are nothing but fabricators.”"
    },
    {
      "verseNumber": 51,
      "verseString": "يَا قَوْمِ لَا أَسْأَلُكُمْ عَلَيْهِ أَجْرًا ۖ إِنْ أَجْرِيَ إِلَّا عَلَى الَّذِي فَطَرَنِي ۚ أَفَلَا تَعْقِلُونَ",
      "verseStringB": "“O my people, I ask of you no wage for it. My wage rests with Him who originated me. Do you not understand?”"
    },
    {
      "verseNumber": 52,
      "verseString": "وَيَا قَوْمِ اسْتَغْفِرُوا رَبَّكُمْ ثُمَّ تُوبُوا إِلَيْهِ يُرْسِلِ السَّمَاءَ عَلَيْكُمْ مِدْرَارًا وَيَزِدْكُمْ قُوَّةً إِلَىٰ قُوَّتِكُمْ وَلَا تَتَوَلَّوْا مُجْرِمِينَ",
      "verseStringB": "“O my people, seek forgiveness from your Lord, and repent to Him: He will release the sky pouring down upon you, and will add strength to your strength. And do not turn away, guilty.”"
    },
    {
      "verseNumber": 53,
      "verseString": "قَالُوا يَا هُودُ مَا جِئْتَنَا بِبَيِّنَةٍ وَمَا نَحْنُ بِتَارِكِي آلِهَتِنَا عَنْ قَوْلِكَ وَمَا نَحْنُ لَكَ بِمُؤْمِنِينَ",
      "verseStringB": "They said, “O Hud, you did not bring us any evidence, and we are not about to abandon our gods on your word, and we are not believers in you.”"
    },
    {
      "verseNumber": 54,
      "verseString": "إِنْ نَقُولُ إِلَّا اعْتَرَاكَ بَعْضُ آلِهَتِنَا بِسُوءٍ ۗ قَالَ إِنِّي أُشْهِدُ اللَّهَ وَاشْهَدُوا أَنِّي بَرِيءٌ مِمَّا تُشْرِكُونَ",
      "verseStringB": "“We only say that some of our gods have possessed you with evil.” He said, “I call Allah to witness, and you to witness, that I am innocent of what you associate."
    },
    {
      "verseNumber": 55,
      "verseString": "مِنْ دُونِهِ ۖ فَكِيدُونِي جَمِيعًا ثُمَّ لَا تُنْظِرُونِ",
      "verseStringB": "Besides Him. So scheme against me, all of you, and do not hesitate."
    },
    {
      "verseNumber": 56,
      "verseString": "إِنِّي تَوَكَّلْتُ عَلَى اللَّهِ رَبِّي وَرَبِّكُمْ ۚ مَا مِنْ دَابَّةٍ إِلَّا هُوَ آخِذٌ بِنَاصِيَتِهَا ۚ إِنَّ رَبِّي عَلَىٰ صِرَاطٍ مُسْتَقِيمٍ",
      "verseStringB": "I have placed my trust in Allah—my Lord, and your Lord. There is not a living creature, but He holds it by its forelock. My Lord is on a straight path."
    },
    {
      "verseNumber": 57,
      "verseString": "فَإِنْ تَوَلَّوْا فَقَدْ أَبْلَغْتُكُمْ مَا أُرْسِلْتُ بِهِ إِلَيْكُمْ ۚ وَيَسْتَخْلِفُ رَبِّي قَوْمًا غَيْرَكُمْ وَلَا تَضُرُّونَهُ شَيْئًا ۚ إِنَّ رَبِّي عَلَىٰ كُلِّ شَيْءٍ حَفِيظٌ",
      "verseStringB": "But if you turn away, I have conveyed to you what I was sent to you with. And my Lord will replace you with another people. And you are not harming Him in the least. My Lord is Guardian over everything.”"
    },
    {
      "verseNumber": 58,
      "verseString": "وَلَمَّا جَاءَ أَمْرُنَا نَجَّيْنَا هُودًا وَالَّذِينَ آمَنُوا مَعَهُ بِرَحْمَةٍ مِنَّا وَنَجَّيْنَاهُمْ مِنْ عَذَابٍ غَلِيظٍ",
      "verseStringB": "And when Our command came, We saved Hud and those who believed with him, by mercy from Us. And We saved them from severe suffering."
    },
    {
      "verseNumber": 59,
      "verseString": "وَتِلْكَ عَادٌ ۖ جَحَدُوا بِآيَاتِ رَبِّهِمْ وَعَصَوْا رُسُلَهُ وَاتَّبَعُوا أَمْرَ كُلِّ جَبَّارٍ عَنِيدٍ",
      "verseStringB": "That was Aad; they denied their Lord’s messages, and defied His messengers, and followed the command of every stubborn tyrant."
    },
    {
      "verseNumber": 60,
      "verseString": "وَأُتْبِعُوا فِي هَٰذِهِ الدُّنْيَا لَعْنَةً وَيَوْمَ الْقِيَامَةِ ۗ أَلَا إِنَّ عَادًا كَفَرُوا رَبَّهُمْ ۗ أَلَا بُعْدًا لِعَادٍ قَوْمِ هُودٍ",
      "verseStringB": "And they were pursued by a curse in this world—and on the Day of Resurrection. Surely Aad denied their Lord. So away with Aad, the people of Hud."
    },
    {
      "verseNumber": 61,
      "verseString": "وَإِلَىٰ ثَمُودَ أَخَاهُمْ صَالِحًا ۚ قَالَ يَا قَوْمِ اعْبُدُوا اللَّهَ مَا لَكُمْ مِنْ إِلَٰهٍ غَيْرُهُ ۖ هُوَ أَنْشَأَكُمْ مِنَ الْأَرْضِ وَاسْتَعْمَرَكُمْ فِيهَا فَاسْتَغْفِرُوهُ ثُمَّ تُوبُوا إِلَيْهِ ۚ إِنَّ رَبِّي قَرِيبٌ مُجِيبٌ",
      "verseStringB": "And to Thamood, their brother Saleh. He said, “O my people! Worship Allah! You have no god other than Him. He initiated you from the earth, and He settled you on it. So seek forgiveness from Him, and turn to Him in repentance. My Lord is Near and Responsive.”"
    },
    {
      "verseNumber": 62,
      "verseString": "قَالُوا يَا صَالِحُ قَدْ كُنْتَ فِينَا مَرْجُوًّا قَبْلَ هَٰذَا ۖ أَتَنْهَانَا أَنْ نَعْبُدَ مَا يَعْبُدُ آبَاؤُنَا وَإِنَّنَا لَفِي شَكٍّ مِمَّا تَدْعُونَا إِلَيْهِ مُرِيبٍ",
      "verseStringB": "They said, “O Saleh, we had high hopes in you before this. Are you trying to prevent us from worshiping what our forefathers worshiped? We are in serious doubt about what you are calling us to.”"
    },
    {
      "verseNumber": 63,
      "verseString": "قَالَ يَا قَوْمِ أَرَأَيْتُمْ إِنْ كُنْتُ عَلَىٰ بَيِّنَةٍ مِنْ رَبِّي وَآتَانِي مِنْهُ رَحْمَةً فَمَنْ يَنْصُرُنِي مِنَ اللَّهِ إِنْ عَصَيْتُهُ ۖ فَمَا تَزِيدُونَنِي غَيْرَ تَخْسِيرٍ",
      "verseStringB": "He said, “O, my people! Consider if I stand on clear evidence from my Lord, and He has blessed me with mercy from Himself, who would protect me from Allah if I were to disobey Him? You add nothing for me except loss.”"
    },
    {
      "verseNumber": 64,
      "verseString": "وَيَا قَوْمِ هَٰذِهِ نَاقَةُ اللَّهِ لَكُمْ آيَةً فَذَرُوهَا تَأْكُلْ فِي أَرْضِ اللَّهِ وَلَا تَمَسُّوهَا بِسُوءٍ فَيَأْخُذَكُمْ عَذَابٌ قَرِيبٌ",
      "verseStringB": "“O, my people! This is Allah’s female camel, a sign for you. So leave her to graze on Allah’s land, and do her no harm, lest an imminent punishment overtakes you.”"
    },
    {
      "verseNumber": 65,
      "verseString": "فَعَقَرُوهَا فَقَالَ تَمَتَّعُوا فِي دَارِكُمْ ثَلَاثَةَ أَيَّامٍ ۖ ذَٰلِكَ وَعْدٌ غَيْرُ مَكْذُوبٍ",
      "verseStringB": "But they hamstrung her. Then he said, “Enjoy yourselves in your homes for three days. This is a prophecy that is infallible.”"
    },
    {
      "verseNumber": 66,
      "verseString": "فَلَمَّا جَاءَ أَمْرُنَا نَجَّيْنَا صَالِحًا وَالَّذِينَ آمَنُوا مَعَهُ بِرَحْمَةٍ مِنَّا وَمِنْ خِزْيِ يَوْمِئِذٍ ۗ إِنَّ رَبَّكَ هُوَ الْقَوِيُّ الْعَزِيزُ",
      "verseStringB": "And when Our command arrived, We saved Saleh and those who believed with him, by mercy from Us, and from the disgrace of that Day. Your Lord is the Strong, the Powerful."
    },
    {
      "verseNumber": 67,
      "verseString": "وَأَخَذَ الَّذِينَ ظَلَمُوا الصَّيْحَةُ فَأَصْبَحُوا فِي دِيَارِهِمْ جَاثِمِينَ",
      "verseStringB": "And the Scream overtook those who did wrong, and they became motionless bodies in their homes."
    },
    {
      "verseNumber": 68,
      "verseString": "كَأَنْ لَمْ يَغْنَوْا فِيهَا ۗ أَلَا إِنَّ ثَمُودَ كَفَرُوا رَبَّهُمْ ۗ أَلَا بُعْدًا لِثَمُودَ",
      "verseStringB": "As if they had never prospered there. Thamood denied their Lord, so away with Thamood."
    },
    {
      "verseNumber": 69,
      "verseString": "وَلَقَدْ جَاءَتْ رُسُلُنَا إِبْرَاهِيمَ بِالْبُشْرَىٰ قَالُوا سَلَامًا ۖ قَالَ سَلَامٌ ۖ فَمَا لَبِثَ أَنْ جَاءَ بِعِجْلٍ حَنِيذٍ",
      "verseStringB": "And Our envoys came to Abraham with good news. They said, “Peace.” He said, “Peace.” Soon after, he came with a roasted calf."
    },
    {
      "verseNumber": 70,
      "verseString": "فَلَمَّا رَأَىٰ أَيْدِيَهُمْ لَا تَصِلُ إِلَيْهِ نَكِرَهُمْ وَأَوْجَسَ مِنْهُمْ خِيفَةً ۚ قَالُوا لَا تَخَفْ إِنَّا أُرْسِلْنَا إِلَىٰ قَوْمِ لُوطٍ",
      "verseStringB": "But when he saw their hands not reaching towards it, he became suspicious of them, and conceived fear of them. They said, “Do not fear, we are sent to the people of Lot.”"
    },
    {
      "verseNumber": 71,
      "verseString": "وَامْرَأَتُهُ قَائِمَةٌ فَضَحِكَتْ فَبَشَّرْنَاهَا بِإِسْحَاقَ وَمِنْ وَرَاءِ إِسْحَاقَ يَعْقُوبَ",
      "verseStringB": "And his wife was standing by, so she laughed. Then We gave her good news of Isaac; and after Isaac, Jacob."
    },
    {
      "verseNumber": 72,
      "verseString": "قَالَتْ يَا وَيْلَتَىٰ أَأَلِدُ وَأَنَا عَجُوزٌ وَهَٰذَا بَعْلِي شَيْخًا ۖ إِنَّ هَٰذَا لَشَيْءٌ عَجِيبٌ",
      "verseStringB": "She said, “Alas for me. Would I give birth, when I am an old woman, and this husband of mine is an old man? This is something strange.”"
    },
    {
      "verseNumber": 73,
      "verseString": "قَالُوا أَتَعْجَبِينَ مِنْ أَمْرِ اللَّهِ ۖ رَحْمَتُ اللَّهِ وَبَرَكَاتُهُ عَلَيْكُمْ أَهْلَ الْبَيْتِ ۚ إِنَّهُ حَمِيدٌ مَجِيدٌ",
      "verseStringB": "They said, “Do you marvel at Allah’s command? Allah’s mercy and His Blessings be upon you, O People of the Household! He is Praiseworthy and Glorious.”"
    },
    {
      "verseNumber": 74,
      "verseString": "فَلَمَّا ذَهَبَ عَنْ إِبْرَاهِيمَ الرَّوْعُ وَجَاءَتْهُ الْبُشْرَىٰ يُجَادِلُنَا فِي قَوْمِ لُوطٍ",
      "verseStringB": "So when Abraham's fear subsided, and the good news had reached him, he began pleading with Us concerning Lot’s people."
    },
    {
      "verseNumber": 75,
      "verseString": "إِنَّ إِبْرَاهِيمَ لَحَلِيمٌ أَوَّاهٌ مُنِيبٌ",
      "verseStringB": "Abraham was gentle, kind, devout."
    },
    {
      "verseNumber": 76,
      "verseString": "يَا إِبْرَاهِيمُ أَعْرِضْ عَنْ هَٰذَا ۖ إِنَّهُ قَدْ جَاءَ أَمْرُ رَبِّكَ ۖ وَإِنَّهُمْ آتِيهِمْ عَذَابٌ غَيْرُ مَرْدُودٍ",
      "verseStringB": "“O Abraham, refrain from this. The command of your Lord has come—they have incurred irreversible punishment.”"
    },
    {
      "verseNumber": 77,
      "verseString": "وَلَمَّا جَاءَتْ رُسُلُنَا لُوطًا سِيءَ بِهِمْ وَضَاقَ بِهِمْ ذَرْعًا وَقَالَ هَٰذَا يَوْمٌ عَصِيبٌ",
      "verseStringB": "And when Our envoys came to Lot, he was distressed on their account, and he felt powerless concerning them, and he said, “This is a terrible day.”"
    },
    {
      "verseNumber": 78,
      "verseString": "وَجَاءَهُ قَوْمُهُ يُهْرَعُونَ إِلَيْهِ وَمِنْ قَبْلُ كَانُوا يَعْمَلُونَ السَّيِّئَاتِ ۚ قَالَ يَا قَوْمِ هَٰؤُلَاءِ بَنَاتِي هُنَّ أَطْهَرُ لَكُمْ ۖ فَاتَّقُوا اللَّهَ وَلَا تُخْزُونِ فِي ضَيْفِي ۖ أَلَيْسَ مِنْكُمْ رَجُلٌ رَشِيدٌ",
      "verseStringB": "And his people came rushing towards him—they were in the habit of committing sins. He said, “O my people, these are my daughters; they are purer for you. So fear Allah, and do not embarrass me before my guests. Is there not among you one reasonable man?”"
    },
    {
      "verseNumber": 79,
      "verseString": "قَالُوا لَقَدْ عَلِمْتَ مَا لَنَا فِي بَنَاتِكَ مِنْ حَقٍّ وَإِنَّكَ لَتَعْلَمُ مَا نُرِيدُ",
      "verseStringB": "They said, “You certainly know that we have no right to your daughters. You already know what we want.”"
    },
    {
      "verseNumber": 80,
      "verseString": "قَالَ لَوْ أَنَّ لِي بِكُمْ قُوَّةً أَوْ آوِي إِلَىٰ رُكْنٍ شَدِيدٍ",
      "verseStringB": "He said, “If only I had the strength, or could rely on some strong support.”"
    },
    {
      "verseNumber": 81,
      "verseString": "قَالُوا يَا لُوطُ إِنَّا رُسُلُ رَبِّكَ لَنْ يَصِلُوا إِلَيْكَ ۖ فَأَسْرِ بِأَهْلِكَ بِقِطْعٍ مِنَ اللَّيْلِ وَلَا يَلْتَفِتْ مِنْكُمْ أَحَدٌ إِلَّا امْرَأَتَكَ ۖ إِنَّهُ مُصِيبُهَا مَا أَصَابَهُمْ ۚ إِنَّ مَوْعِدَهُمُ الصُّبْحُ ۚ أَلَيْسَ الصُّبْحُ بِقَرِيبٍ",
      "verseStringB": "They said, “O Lot, we are the envoys of your Lord. They will never reach you. So set out with your family during the cover of the night, and let none of you look back, except for your wife. She will be struck by what will strike them. Their appointed time is the morning. Is the morning not near?”"
    },
    {
      "verseNumber": 82,
      "verseString": "فَلَمَّا جَاءَ أَمْرُنَا جَعَلْنَا عَالِيَهَا سَافِلَهَا وَأَمْطَرْنَا عَلَيْهَا حِجَارَةً مِنْ سِجِّيلٍ مَنْضُودٍ",
      "verseStringB": "And when Our command came, We turned it upside down, and We rained on it stones of baked clay."
    },
    {
      "verseNumber": 83,
      "verseString": "مُسَوَّمَةً عِنْدَ رَبِّكَ ۖ وَمَا هِيَ مِنَ الظَّالِمِينَ بِبَعِيدٍ",
      "verseStringB": "Marked from your Lord, and not far from the wrongdoers."
    },
    {
      "verseNumber": 84,
      "verseString": "وَإِلَىٰ مَدْيَنَ أَخَاهُمْ شُعَيْبًا ۚ قَالَ يَا قَوْمِ اعْبُدُوا اللَّهَ مَا لَكُمْ مِنْ إِلَٰهٍ غَيْرُهُ ۖ وَلَا تَنْقُصُوا الْمِكْيَالَ وَالْمِيزَانَ ۚ إِنِّي أَرَاكُمْ بِخَيْرٍ وَإِنِّي أَخَافُ عَلَيْكُمْ عَذَابَ يَوْمٍ مُحِيطٍ",
      "verseStringB": "And to Median, their brother Shuaib. He said, “O my people! Worship Allah! You have no god other than Him. Do not diminish the measure and the balance. I see you in good circumstances, but I fear for you the agony of an overwhelming Day.”"
    },
    {
      "verseNumber": 85,
      "verseString": "وَيَا قَوْمِ أَوْفُوا الْمِكْيَالَ وَالْمِيزَانَ بِالْقِسْطِ ۖ وَلَا تَبْخَسُوا النَّاسَ أَشْيَاءَهُمْ وَلَا تَعْثَوْا فِي الْأَرْضِ مُفْسِدِينَ",
      "verseStringB": "“O, my people! Give full measure and weigh with justice, and do not diminish people’s goods, and do not spread corruption in the land."
    },
    {
      "verseNumber": 86,
      "verseString": "بَقِيَّتُ اللَّهِ خَيْرٌ لَكُمْ إِنْ كُنْتُمْ مُؤْمِنِينَ ۚ وَمَا أَنَا عَلَيْكُمْ بِحَفِيظٍ",
      "verseStringB": "The remnant from Allah is better for you—if you are believers. And I am not a keeper over you.”"
    },
    {
      "verseNumber": 87,
      "verseString": "قَالُوا يَا شُعَيْبُ أَصَلَاتُكَ تَأْمُرُكَ أَنْ نَتْرُكَ مَا يَعْبُدُ آبَاؤُنَا أَوْ أَنْ نَفْعَلَ فِي أَمْوَالِنَا مَا نَشَاءُ ۖ إِنَّكَ لَأَنْتَ الْحَلِيمُ الرَّشِيدُ",
      "verseStringB": "They said, “O Shuaib, does your manner of praying require that we forsake what our fathers worshipped, or that we give up managing our wealth as we please? You are the one who is tolerant and wise.”"
    },
    {
      "verseNumber": 88,
      "verseString": "قَالَ يَا قَوْمِ أَرَأَيْتُمْ إِنْ كُنْتُ عَلَىٰ بَيِّنَةٍ مِنْ رَبِّي وَرَزَقَنِي مِنْهُ رِزْقًا حَسَنًا ۚ وَمَا أُرِيدُ أَنْ أُخَالِفَكُمْ إِلَىٰ مَا أَنْهَاكُمْ عَنْهُ ۚ إِنْ أُرِيدُ إِلَّا الْإِصْلَاحَ مَا اسْتَطَعْتُ ۚ وَمَا تَوْفِيقِي إِلَّا بِاللَّهِ ۚ عَلَيْهِ تَوَكَّلْتُ وَإِلَيْهِ أُنِيبُ",
      "verseStringB": "He said, “O my people! Consider: if I stand upon clear evidence from my Lord, and He has blessed me with a good provision from Him. I have no desire to do what I forbid you from doing. I only intend reform to the best of my ability. My success lies with Allah. In Him I trust; and to Him, I turn.”"
    },
    {
      "verseNumber": 89,
      "verseString": "وَيَا قَوْمِ لَا يَجْرِمَنَّكُمْ شِقَاقِي أَنْ يُصِيبَكُمْ مِثْلُ مَا أَصَابَ قَوْمَ نُوحٍ أَوْ قَوْمَ هُودٍ أَوْ قَوْمَ صَالِحٍ ۚ وَمَا قَوْمُ لُوطٍ مِنْكُمْ بِبَعِيدٍ",
      "verseStringB": "“O, my people! Do not let your opposition to me cause you to suffer what was suffered by the people of Noah, or the people of Hud, or the people of Saleh. And the people of Lot are not far from you.”"
    },
    {
      "verseNumber": 90,
      "verseString": "وَاسْتَغْفِرُوا رَبَّكُمْ ثُمَّ تُوبُوا إِلَيْهِ ۚ إِنَّ رَبِّي رَحِيمٌ وَدُودٌ",
      "verseStringB": "“And ask your Lord for forgiveness, and turn to Him in repentance. My Lord is Most-Merciful, Most-Loving.”"
    },
    {
      "verseNumber": 91,
      "verseString": "قَالُوا يَا شُعَيْبُ مَا نَفْقَهُ كَثِيرًا مِمَّا تَقُولُ وَإِنَّا لَنَرَاكَ فِينَا ضَعِيفًا ۖ وَلَوْلَا رَهْطُكَ لَرَجَمْنَاكَ ۖ وَمَا أَنْتَ عَلَيْنَا بِعَزِيزٍ",
      "verseStringB": "They said, “O Shuaib, we do not understand much of what you say, and we see you powerless among us. And were it not for your clan, we would have stoned you. You are of no value to us.”"
    },
    {
      "verseNumber": 92,
      "verseString": "قَالَ يَا قَوْمِ أَرَهْطِي أَعَزُّ عَلَيْكُمْ مِنَ اللَّهِ وَاتَّخَذْتُمُوهُ وَرَاءَكُمْ ظِهْرِيًّا ۖ إِنَّ رَبِّي بِمَا تَعْمَلُونَ مُحِيطٌ",
      "verseStringB": "He said, “O my people! Is my clan more important to you than Allah? And you turned your backs on Him. My Lord comprehends everything you do.”"
    },
    {
      "verseNumber": 93,
      "verseString": "وَيَا قَوْمِ اعْمَلُوا عَلَىٰ مَكَانَتِكُمْ إِنِّي عَامِلٌ ۖ سَوْفَ تَعْلَمُونَ مَنْ يَأْتِيهِ عَذَابٌ يُخْزِيهِ وَمَنْ هُوَ كَاذِبٌ ۖ وَارْتَقِبُوا إِنِّي مَعَكُمْ رَقِيبٌ",
      "verseStringB": "“O, my people! Do as you may, and so will I. You will know who will be visited by a punishment that will shame him, and who is a liar. So look out; I am on the lookout with you.”"
    },
    {
      "verseNumber": 94,
      "verseString": "وَلَمَّا جَاءَ أَمْرُنَا نَجَّيْنَا شُعَيْبًا وَالَّذِينَ آمَنُوا مَعَهُ بِرَحْمَةٍ مِنَّا وَأَخَذَتِ الَّذِينَ ظَلَمُوا الصَّيْحَةُ فَأَصْبَحُوا فِي دِيَارِهِمْ جَاثِمِينَ",
      "verseStringB": "And when Our command arrived, We saved Shuaib and those who believed with him, through mercy from Us, and the Blast struck those who did wrong, so they fell lifeless in their homes."
    },
    {
      "verseNumber": 95,
      "verseString": "كَأَنْ لَمْ يَغْنَوْا فِيهَا ۗ أَلَا بُعْدًا لِمَدْيَنَ كَمَا بَعِدَتْ ثَمُودُ",
      "verseStringB": "As if they had never flourished there. So away with Median, as was done away with Thamood."
    },
    {
      "verseNumber": 96,
      "verseString": "وَلَقَدْ أَرْسَلْنَا مُوسَىٰ بِآيَاتِنَا وَسُلْطَانٍ مُبِينٍ",
      "verseStringB": "And We sent Moses with Our messages and a clear mandate."
    },
    {
      "verseNumber": 97,
      "verseString": "إِلَىٰ فِرْعَوْنَ وَمَلَئِهِ فَاتَّبَعُوا أَمْرَ فِرْعَوْنَ ۖ وَمَا أَمْرُ فِرْعَوْنَ بِرَشِيدٍ",
      "verseStringB": "To Pharaoh and his nobles, but they followed the command of Pharaoh, and Pharaoh’s command was not sound."
    },
    {
      "verseNumber": 98,
      "verseString": "يَقْدُمُ قَوْمَهُ يَوْمَ الْقِيَامَةِ فَأَوْرَدَهُمُ النَّارَ ۖ وَبِئْسَ الْوِرْدُ الْمَوْرُودُ",
      "verseStringB": "He will precede his people on the Day of Resurrection, and he will lead them into the Fire. Evil is the destination to which they are led."
    },
    {
      "verseNumber": 99,
      "verseString": "وَأُتْبِعُوا فِي هَٰذِهِ لَعْنَةً وَيَوْمَ الْقِيَامَةِ ۚ بِئْسَ الرِّفْدُ الْمَرْفُودُ",
      "verseStringB": "And they were pursued by a curse in this—and on the Day of Resurrection. Miserable is the path they followed."
    },
    {
      "verseNumber": 100,
      "verseString": "ذَٰلِكَ مِنْ أَنْبَاءِ الْقُرَىٰ نَقُصُّهُ عَلَيْكَ ۖ مِنْهَا قَائِمٌ وَحَصِيدٌ",
      "verseStringB": "These are some of the reports of the towns, which We relate to you. Some are still standing, and some were mowed down."
    },
    {
      "verseNumber": 101,
      "verseString": "وَمَا ظَلَمْنَاهُمْ وَلَٰكِنْ ظَلَمُوا أَنْفُسَهُمْ ۖ فَمَا أَغْنَتْ عَنْهُمْ آلِهَتُهُمُ الَّتِي يَدْعُونَ مِنْ دُونِ اللَّهِ مِنْ شَيْءٍ لَمَّا جَاءَ أَمْرُ رَبِّكَ ۖ وَمَا زَادُوهُمْ غَيْرَ تَتْبِيبٍ",
      "verseStringB": "We did not wrong them, but they wronged themselves. Their gods, whom they invoked besides Allah, availed them nothing when your Lord’s command arrived. In fact, they added only to their ruin."
    },
    {
      "verseNumber": 102,
      "verseString": "وَكَذَٰلِكَ أَخْذُ رَبِّكَ إِذَا أَخَذَ الْقُرَىٰ وَهِيَ ظَالِمَةٌ ۚ إِنَّ أَخْذَهُ أَلِيمٌ شَدِيدٌ",
      "verseStringB": "Such is the grip of your Lord when He seizes the towns while they are doing wrong. His grip is most painful, most severe."
    },
    {
      "verseNumber": 103,
      "verseString": "إِنَّ فِي ذَٰلِكَ لَآيَةً لِمَنْ خَافَ عَذَابَ الْآخِرَةِ ۚ ذَٰلِكَ يَوْمٌ مَجْمُوعٌ لَهُ النَّاسُ وَذَٰلِكَ يَوْمٌ مَشْهُودٌ",
      "verseStringB": "Surely in this is a sign for whoever fears the suffering of the Hereafter. That is a Day for which humanity will be gathered together. That is a Day to be witnessed."
    },
    {
      "verseNumber": 104,
      "verseString": "وَمَا نُؤَخِّرُهُ إِلَّا لِأَجَلٍ مَعْدُودٍ",
      "verseStringB": "We only postpone it until a predetermined time."
    },
    {
      "verseNumber": 105,
      "verseString": "يَوْمَ يَأْتِ لَا تَكَلَّمُ نَفْسٌ إِلَّا بِإِذْنِهِ ۚ فَمِنْهُمْ شَقِيٌّ وَسَعِيدٌ",
      "verseStringB": "When that Day arrives, no soul will speak except with His permission. Some of them will be miserable, and some will be happy."
    },
    {
      "verseNumber": 106,
      "verseString": "فَأَمَّا الَّذِينَ شَقُوا فَفِي النَّارِ لَهُمْ فِيهَا زَفِيرٌ وَشَهِيقٌ",
      "verseStringB": "As for those who are miserable, they will be in the Fire. They will have there sighing and wailing."
    },
    {
      "verseNumber": 107,
      "verseString": "خَالِدِينَ فِيهَا مَا دَامَتِ السَّمَاوَاتُ وَالْأَرْضُ إِلَّا مَا شَاءَ رَبُّكَ ۚ إِنَّ رَبَّكَ فَعَّالٌ لِمَا يُرِيدُ",
      "verseStringB": "Abiding there, for as long as the heavens and the earth endure, except as your Lord wills. Your Lord is Doer of whatever He wills."
    },
    {
      "verseNumber": 108,
      "verseString": "وَأَمَّا الَّذِينَ سُعِدُوا فَفِي الْجَنَّةِ خَالِدِينَ فِيهَا مَا دَامَتِ السَّمَاوَاتُ وَالْأَرْضُ إِلَّا مَا شَاءَ رَبُّكَ ۖ عَطَاءً غَيْرَ مَجْذُوذٍ",
      "verseStringB": "And as for those who are happy, they will be in Paradise, abiding there, for as long as the heavens and the earth endure, except as your Lord wills—a reward without interruption."
    },
    {
      "verseNumber": 109,
      "verseString": "فَلَا تَكُ فِي مِرْيَةٍ مِمَّا يَعْبُدُ هَٰؤُلَاءِ ۚ مَا يَعْبُدُونَ إِلَّا كَمَا يَعْبُدُ آبَاؤُهُمْ مِنْ قَبْلُ ۚ وَإِنَّا لَمُوَفُّوهُمْ نَصِيبَهُمْ غَيْرَ مَنْقُوصٍ",
      "verseStringB": "Therefore, be not in doubt concerning what these worship. They worship only as their ancestors worshiped before. We will give them their due in full, with no reduction."
    },
    {
      "verseNumber": 110,
      "verseString": "وَلَقَدْ آتَيْنَا مُوسَى الْكِتَابَ فَاخْتُلِفَ فِيهِ ۚ وَلَوْلَا كَلِمَةٌ سَبَقَتْ مِنْ رَبِّكَ لَقُضِيَ بَيْنَهُمْ ۚ وَإِنَّهُمْ لَفِي شَكٍّ مِنْهُ مُرِيبٍ",
      "verseStringB": "We gave Moses the Scripture, but differences arose regarding it. Were it not for a prior word from your Lord, their differences would have been settled. But they are in serious doubt about it."
    },
    {
      "verseNumber": 111,
      "verseString": "وَإِنَّ كُلًّا لَمَّا لَيُوَفِّيَنَّهُمْ رَبُّكَ أَعْمَالَهُمْ ۚ إِنَّهُ بِمَا يَعْمَلُونَ خَبِيرٌ",
      "verseStringB": "Your Lord will fully pay all for their deeds. He is Aware of everything they do."
    },
    {
      "verseNumber": 112,
      "verseString": "فَاسْتَقِمْ كَمَا أُمِرْتَ وَمَنْ تَابَ مَعَكَ وَلَا تَطْغَوْا ۚ إِنَّهُ بِمَا تَعْمَلُونَ بَصِيرٌ",
      "verseStringB": "So be upright, as you are commanded, along with those who repented with you. And do not transgress. He is Seeing of everything you do."
    },
    {
      "verseNumber": 113,
      "verseString": "وَلَا تَرْكَنُوا إِلَى الَّذِينَ ظَلَمُوا فَتَمَسَّكُمُ النَّارُ وَمَا لَكُمْ مِنْ دُونِ اللَّهِ مِنْ أَوْلِيَاءَ ثُمَّ لَا تُنْصَرُونَ",
      "verseStringB": "And do not incline towards those who do wrong, lest the Fire touches you, and you will have no protectors besides Allah, and you will not be helped."
    },
    {
      "verseNumber": 114,
      "verseString": "وَأَقِمِ الصَّلَاةَ طَرَفَيِ النَّهَارِ وَزُلَفًا مِنَ اللَّيْلِ ۚ إِنَّ الْحَسَنَاتِ يُذْهِبْنَ السَّيِّئَاتِ ۚ ذَٰلِكَ ذِكْرَىٰ لِلذَّاكِرِينَ",
      "verseStringB": "Perform the prayer at the borders of the day, and during the approaches of the night. The good deeds take away the bad deeds. This is a reminder for the mindful."
    },
    {
      "verseNumber": 115,
      "verseString": "وَاصْبِرْ فَإِنَّ اللَّهَ لَا يُضِيعُ أَجْرَ الْمُحْسِنِينَ",
      "verseStringB": "And be patient. Allah will not waste the reward of the virtuous."
    },
    {
      "verseNumber": 116,
      "verseString": "فَلَوْلَا كَانَ مِنَ الْقُرُونِ مِنْ قَبْلِكُمْ أُولُو بَقِيَّةٍ يَنْهَوْنَ عَنِ الْفَسَادِ فِي الْأَرْضِ إِلَّا قَلِيلًا مِمَّنْ أَنْجَيْنَا مِنْهُمْ ۗ وَاتَّبَعَ الَّذِينَ ظَلَمُوا مَا أُتْرِفُوا فِيهِ وَكَانُوا مُجْرِمِينَ",
      "verseStringB": "If only there were, among the generations before you, people with wisdom, who spoke against corruption on earth—except for the few whom We saved among them. But the wrongdoers pursued the luxuries they were indulged in, and they became wicked."
    },
    {
      "verseNumber": 117,
      "verseString": "وَمَا كَانَ رَبُّكَ لِيُهْلِكَ الْقُرَىٰ بِظُلْمٍ وَأَهْلُهَا مُصْلِحُونَ",
      "verseStringB": "Your Lord would never destroy the towns unjustly, while their inhabitants are reforming."
    },
    {
      "verseNumber": 118,
      "verseString": "وَلَوْ شَاءَ رَبُّكَ لَجَعَلَ النَّاسَ أُمَّةً وَاحِدَةً ۖ وَلَا يَزَالُونَ مُخْتَلِفِينَ",
      "verseStringB": "Had your Lord willed, He would have made humanity one community, but they will always differ."
    },
    {
      "verseNumber": 119,
      "verseString": "إِلَّا مَنْ رَحِمَ رَبُّكَ ۚ وَلِذَٰلِكَ خَلَقَهُمْ ۗ وَتَمَّتْ كَلِمَةُ رَبِّكَ لَأَمْلَأَنَّ جَهَنَّمَ مِنَ الْجِنَّةِ وَالنَّاسِ أَجْمَعِينَ",
      "verseStringB": "Except those upon whom your Lord has mercy—and for that reason He created them. And the Word of your Lord is final: “I will fill Hell with jinn and humans, all together.”"
    },
    {
      "verseNumber": 120,
      "verseString": "وَكُلًّا نَقُصُّ عَلَيْكَ مِنْ أَنْبَاءِ الرُّسُلِ مَا نُثَبِّتُ بِهِ فُؤَادَكَ ۚ وَجَاءَكَ فِي هَٰذِهِ الْحَقُّ وَمَوْعِظَةٌ وَذِكْرَىٰ لِلْمُؤْمِنِينَ",
      "verseStringB": "We relate to you the stories of the messengers to reassure your heart. There has come to you in this the truth, and a lesson, and a reminder for the believers."
    },
    {
      "verseNumber": 121,
      "verseString": "وَقُلْ لِلَّذِينَ لَا يُؤْمِنُونَ اعْمَلُوا عَلَىٰ مَكَانَتِكُمْ إِنَّا عَامِلُونَ",
      "verseStringB": "And say to those who do not believe, “Act according to your ability; and so will we.”"
    },
    {
      "verseNumber": 122,
      "verseString": "وَانْتَظِرُوا إِنَّا مُنْتَظِرُونَ",
      "verseStringB": "“And wait! We too are waiting.”"
    },
    {
      "verseNumber": 123,
      "verseString": "وَلِلَّهِ غَيْبُ السَّمَاوَاتِ وَالْأَرْضِ وَإِلَيْهِ يُرْجَعُ الْأَمْرُ كُلُّهُ فَاعْبُدْهُ وَتَوَكَّلْ عَلَيْهِ ۚ وَمَا رَبُّكَ بِغَافِلٍ عَمَّا تَعْمَلُونَ",
      "verseStringB": "To Allah belongs the unseen of the heavens and the earth. And to Him, all authority goes back. So worship Him, and rely on Him. Your Lord is never unaware of what you do."
    }
  ],
  "nameEnglish": "Hud",
  "nameTrans": "Hud",
  "nameArabic": "هود",
  "chapterNumber": 11,
  "nVerses": 123
}