{
  "verses": [
    {
      "verseNumber": 0,
      "verseString": "بِسْمِ اللَّهِ الرَّحْمَٰنِ الرَّحِيمِ",
      "verseStringB": "In the name of Allah, the Compassionate, the Merciful."
    },
    {
      "verseNumber": 1,
      "verseString": "كهيعص",
      "verseStringB": "Kaf. Ha. Ya. Ayn. Saad."
    },
    {
      "verseNumber": 2,
      "verseString": "ذِكْرُ رَحْمَتِ رَبِّكَ عَبْدَهُ زَكَرِيَّا",
      "verseStringB": "A mention of the mercy of your Lord towards His servant Zechariah."
    },
    {
      "verseNumber": 3,
      "verseString": "إِذْ نَادَىٰ رَبَّهُ نِدَاءً خَفِيًّا",
      "verseStringB": "When he called on his Lord, a call in seclusion."
    },
    {
      "verseNumber": 4,
      "verseString": "قَالَ رَبِّ إِنِّي وَهَنَ الْعَظْمُ مِنِّي وَاشْتَعَلَ الرَّأْسُ شَيْبًا وَلَمْ أَكُنْ بِدُعَائِكَ رَبِّ شَقِيًّا",
      "verseStringB": "He said, “My Lord, my bones have become feeble, and my head is aflame with gray, and never, Lord, have I been disappointed in my prayer to you."
    },
    {
      "verseNumber": 5,
      "verseString": "وَإِنِّي خِفْتُ الْمَوَالِيَ مِنْ وَرَائِي وَكَانَتِ امْرَأَتِي عَاقِرًا فَهَبْ لِي مِنْ لَدُنْكَ وَلِيًّا",
      "verseStringB": "“And I fear for my relatives after me, and my wife is barren. So grant me, from Your Presence, an heir."
    },
    {
      "verseNumber": 6,
      "verseString": "يَرِثُنِي وَيَرِثُ مِنْ آلِ يَعْقُوبَ ۖ وَاجْعَلْهُ رَبِّ رَضِيًّا",
      "verseStringB": "Who will inherit me and inherit from the House of Jacob. And make him, my Lord, pleasing.”"
    },
    {
      "verseNumber": 7,
      "verseString": "يَا زَكَرِيَّا إِنَّا نُبَشِّرُكَ بِغُلَامٍ اسْمُهُ يَحْيَىٰ لَمْ نَجْعَلْ لَهُ مِنْ قَبْلُ سَمِيًّا",
      "verseStringB": "“O Zechariah, We give you good news of a boy, whose name is John; a name We have not given to anyone before.”"
    },
    {
      "verseNumber": 8,
      "verseString": "قَالَ رَبِّ أَنَّىٰ يَكُونُ لِي غُلَامٌ وَكَانَتِ امْرَأَتِي عَاقِرًا وَقَدْ بَلَغْتُ مِنَ الْكِبَرِ عِتِيًّا",
      "verseStringB": "He said, “My Lord, how can I have a boy when my wife is barren, and I have become decrepit with old age?”"
    },
    {
      "verseNumber": 9,
      "verseString": "قَالَ كَذَٰلِكَ قَالَ رَبُّكَ هُوَ عَلَيَّ هَيِّنٌ وَقَدْ خَلَقْتُكَ مِنْ قَبْلُ وَلَمْ تَكُ شَيْئًا",
      "verseStringB": "He said, “So will it be, your Lord says. ‘It is easy for Me. Just as I created you before when you were nothing!’”"
    },
    {
      "verseNumber": 10,
      "verseString": "قَالَ رَبِّ اجْعَلْ لِي آيَةً ۚ قَالَ آيَتُكَ أَلَّا تُكَلِّمَ النَّاسَ ثَلَاثَ لَيَالٍ سَوِيًّا",
      "verseStringB": "He said, “My Lord, give me a sign.” He said, “Your sign is that you will not speak to the people for three nights straight.”"
    },
    {
      "verseNumber": 11,
      "verseString": "فَخَرَجَ عَلَىٰ قَوْمِهِ مِنَ الْمِحْرَابِ فَأَوْحَىٰ إِلَيْهِمْ أَنْ سَبِّحُوا بُكْرَةً وَعَشِيًّا",
      "verseStringB": "And he came out to his people, from the sanctuary, and signaled to them to praise morning and evening."
    },
    {
      "verseNumber": 12,
      "verseString": "يَا يَحْيَىٰ خُذِ الْكِتَابَ بِقُوَّةٍ ۖ وَآتَيْنَاهُ الْحُكْمَ صَبِيًّا",
      "verseStringB": "“O, John! Hold firmly to the Scripture!” And We gave him wisdom from childhood."
    },
    {
      "verseNumber": 13,
      "verseString": "وَحَنَانًا مِنْ لَدُنَّا وَزَكَاةً ۖ وَكَانَ تَقِيًّا",
      "verseStringB": "And sympathy from Us, and purity; and he was devout."
    },
    {
      "verseNumber": 14,
      "verseString": "وَبَرًّا بِوَالِدَيْهِ وَلَمْ يَكُنْ جَبَّارًا عَصِيًّا",
      "verseStringB": "And kind to his parents; and he was not a disobedient bully."
    },
    {
      "verseNumber": 15,
      "verseString": "وَسَلَامٌ عَلَيْهِ يَوْمَ وُلِدَ وَيَوْمَ يَمُوتُ وَيَوْمَ يُبْعَثُ حَيًّا",
      "verseStringB": "And peace upon him the day he was born, and the day he dies, and the day he is raised alive."
    },
    {
      "verseNumber": 16,
      "verseString": "وَاذْكُرْ فِي الْكِتَابِ مَرْيَمَ إِذِ انْتَبَذَتْ مِنْ أَهْلِهَا مَكَانًا شَرْقِيًّا",
      "verseStringB": "And mention in the Scripture Mary, when she withdrew from her family to an eastern location."
    },
    {
      "verseNumber": 17,
      "verseString": "فَاتَّخَذَتْ مِنْ دُونِهِمْ حِجَابًا فَأَرْسَلْنَا إِلَيْهَا رُوحَنَا فَتَمَثَّلَ لَهَا بَشَرًا سَوِيًّا",
      "verseStringB": "She secluded herself from them, and We sent to her Our Spirit, and he appeared to her as an immaculate human."
    },
    {
      "verseNumber": 18,
      "verseString": "قَالَتْ إِنِّي أَعُوذُ بِالرَّحْمَٰنِ مِنْكَ إِنْ كُنْتَ تَقِيًّا",
      "verseStringB": "She said, “I take protection from you in the Compassionate, should you be righteous.”"
    },
    {
      "verseNumber": 19,
      "verseString": "قَالَ إِنَّمَا أَنَا رَسُولُ رَبِّكِ لِأَهَبَ لَكِ غُلَامًا زَكِيًّا",
      "verseStringB": "He said, “I am only the messenger of your Lord, to give you the gift of a pure boy.”"
    },
    {
      "verseNumber": 20,
      "verseString": "قَالَتْ أَنَّىٰ يَكُونُ لِي غُلَامٌ وَلَمْ يَمْسَسْنِي بَشَرٌ وَلَمْ أَكُ بَغِيًّا",
      "verseStringB": "She said, “How can I have a son, when no man has touched me, and I was never unchaste?”"
    },
    {
      "verseNumber": 21,
      "verseString": "قَالَ كَذَٰلِكِ قَالَ رَبُّكِ هُوَ عَلَيَّ هَيِّنٌ ۖ وَلِنَجْعَلَهُ آيَةً لِلنَّاسِ وَرَحْمَةً مِنَّا ۚ وَكَانَ أَمْرًا مَقْضِيًّا",
      "verseStringB": "He said, “Thus said your Lord, `It is easy for Me, and We will make him a sign to humanity, and mercy from Us. It is a matter already decided.'”"
    },
    {
      "verseNumber": 22,
      "verseString": "فَحَمَلَتْهُ فَانْتَبَذَتْ بِهِ مَكَانًا قَصِيًّا",
      "verseStringB": "So she conceived him, and withdrew with him to a remote place."
    },
    {
      "verseNumber": 23,
      "verseString": "فَأَجَاءَهَا الْمَخَاضُ إِلَىٰ جِذْعِ النَّخْلَةِ قَالَتْ يَا لَيْتَنِي مِتُّ قَبْلَ هَٰذَا وَكُنْتُ نَسْيًا مَنْسِيًّا",
      "verseStringB": "The labor-pains drove her to the trunk of the palm-tree. She said, “I wish I had died before this, and been completely forgotten.”"
    },
    {
      "verseNumber": 24,
      "verseString": "فَنَادَاهَا مِنْ تَحْتِهَا أَلَّا تَحْزَنِي قَدْ جَعَلَ رَبُّكِ تَحْتَكِ سَرِيًّا",
      "verseStringB": "Whereupon he called her from beneath her: “Do not be sad; your Lord has placed a stream beneath you."
    },
    {
      "verseNumber": 25,
      "verseString": "وَهُزِّي إِلَيْكِ بِجِذْعِ النَّخْلَةِ تُسَاقِطْ عَلَيْكِ رُطَبًا جَنِيًّا",
      "verseStringB": "And shake towards you the trunk of the palm-tree; and fresh, ripe dates will fall on you.”"
    },
    {
      "verseNumber": 26,
      "verseString": "فَكُلِي وَاشْرَبِي وَقَرِّي عَيْنًا ۖ فَإِمَّا تَرَيِنَّ مِنَ الْبَشَرِ أَحَدًا فَقُولِي إِنِّي نَذَرْتُ لِلرَّحْمَٰنِ صَوْمًا فَلَنْ أُكَلِّمَ الْيَوْمَ إِنْسِيًّا",
      "verseStringB": "“So eat, and drink, and be cheerful. And if you see any human, say, ‘I have vowed a fast to the Most Gracious—so I will not speak to any human today.'”"
    },
    {
      "verseNumber": 27,
      "verseString": "فَأَتَتْ بِهِ قَوْمَهَا تَحْمِلُهُ ۖ قَالُوا يَا مَرْيَمُ لَقَدْ جِئْتِ شَيْئًا فَرِيًّا",
      "verseStringB": "Then she came to her people, carrying him. They said, “O Mary, you have done something terrible."
    },
    {
      "verseNumber": 28,
      "verseString": "يَا أُخْتَ هَارُونَ مَا كَانَ أَبُوكِ امْرَأَ سَوْءٍ وَمَا كَانَتْ أُمُّكِ بَغِيًّا",
      "verseStringB": "O sister of Aaron! Your father was not an indecent man, and your mother was not unchaste.”"
    },
    {
      "verseNumber": 29,
      "verseString": "فَأَشَارَتْ إِلَيْهِ ۖ قَالُوا كَيْفَ نُكَلِّمُ مَنْ كَانَ فِي الْمَهْدِ صَبِيًّا",
      "verseStringB": "So she pointed to him. They said, “How can we speak to an infant in the crib?”"
    },
    {
      "verseNumber": 30,
      "verseString": "قَالَ إِنِّي عَبْدُ اللَّهِ آتَانِيَ الْكِتَابَ وَجَعَلَنِي نَبِيًّا",
      "verseStringB": "He said, “I am the servant of Allah. He gave me the Scripture, and He made me a prophet."
    },
    {
      "verseNumber": 31,
      "verseString": "وَجَعَلَنِي مُبَارَكًا أَيْنَ مَا كُنْتُ وَأَوْصَانِي بِالصَّلَاةِ وَالزَّكَاةِ مَا دُمْتُ حَيًّا",
      "verseStringB": "And He made me a blessing wherever I may be, and has enjoined on me prayer and charity, so long as I live."
    },
    {
      "verseNumber": 32,
      "verseString": "وَبَرًّا بِوَالِدَتِي وَلَمْ يَجْعَلْنِي جَبَّارًا شَقِيًّا",
      "verseStringB": "And kind to my mother, and He did not make me a disobedient rebel."
    },
    {
      "verseNumber": 33,
      "verseString": "وَالسَّلَامُ عَلَيَّ يَوْمَ وُلِدْتُ وَيَوْمَ أَمُوتُ وَيَوْمَ أُبْعَثُ حَيًّا",
      "verseStringB": "And Peace is upon me the day I was born, and the day I die, and the Day I get resurrected alive.”"
    },
    {
      "verseNumber": 34,
      "verseString": "ذَٰلِكَ عِيسَى ابْنُ مَرْيَمَ ۚ قَوْلَ الْحَقِّ الَّذِي فِيهِ يَمْتَرُونَ",
      "verseStringB": "That is Jesus son of Mary—the Word of Truth about which they doubt."
    },
    {
      "verseNumber": 35,
      "verseString": "مَا كَانَ لِلَّهِ أَنْ يَتَّخِذَ مِنْ وَلَدٍ ۖ سُبْحَانَهُ ۚ إِذَا قَضَىٰ أَمْرًا فَإِنَّمَا يَقُولُ لَهُ كُنْ فَيَكُونُ",
      "verseStringB": "It is not for Allah to have a child—glory be to Him. When He decides on an issue, He says to it, “Be,” and it is."
    },
    {
      "verseNumber": 36,
      "verseString": "وَإِنَّ اللَّهَ رَبِّي وَرَبُّكُمْ فَاعْبُدُوهُ ۚ هَٰذَا صِرَاطٌ مُسْتَقِيمٌ",
      "verseStringB": "“Allah is my Lord and your Lord, so worship Him. This is a straight path.”"
    },
    {
      "verseNumber": 37,
      "verseString": "فَاخْتَلَفَ الْأَحْزَابُ مِنْ بَيْنِهِمْ ۖ فَوَيْلٌ لِلَّذِينَ كَفَرُوا مِنْ مَشْهَدِ يَوْمٍ عَظِيمٍ",
      "verseStringB": "But the various factions differed among themselves. So woe to those who disbelieve from the scene of a tremendous Day."
    },
    {
      "verseNumber": 38,
      "verseString": "أَسْمِعْ بِهِمْ وَأَبْصِرْ يَوْمَ يَأْتُونَنَا ۖ لَٰكِنِ الظَّالِمُونَ الْيَوْمَ فِي ضَلَالٍ مُبِينٍ",
      "verseStringB": "Listen to them, and watch for them, on the Day when they come to Us. But the wrongdoers today are completely lost."
    },
    {
      "verseNumber": 39,
      "verseString": "وَأَنْذِرْهُمْ يَوْمَ الْحَسْرَةِ إِذْ قُضِيَ الْأَمْرُ وَهُمْ فِي غَفْلَةٍ وَهُمْ لَا يُؤْمِنُونَ",
      "verseStringB": "And warn them of the Day of Regret, when the issue will be concluded. And they are in negligence, and they do not believe."
    },
    {
      "verseNumber": 40,
      "verseString": "إِنَّا نَحْنُ نَرِثُ الْأَرْضَ وَمَنْ عَلَيْهَا وَإِلَيْنَا يُرْجَعُونَ",
      "verseStringB": "It is We who will inherit the earth and whatsoever is on it. And to Us, they will be returned."
    },
    {
      "verseNumber": 41,
      "verseString": "وَاذْكُرْ فِي الْكِتَابِ إِبْرَاهِيمَ ۚ إِنَّهُ كَانَ صِدِّيقًا نَبِيًّا",
      "verseStringB": "And mention in the Book, Abraham. He was a man of truth, a prophet."
    },
    {
      "verseNumber": 42,
      "verseString": "إِذْ قَالَ لِأَبِيهِ يَا أَبَتِ لِمَ تَعْبُدُ مَا لَا يَسْمَعُ وَلَا يُبْصِرُ وَلَا يُغْنِي عَنْكَ شَيْئًا",
      "verseStringB": "When He said to his father, “O my father, why do you worship what can neither hear, nor see, nor benefit you in any way?"
    },
    {
      "verseNumber": 43,
      "verseString": "يَا أَبَتِ إِنِّي قَدْ جَاءَنِي مِنَ الْعِلْمِ مَا لَمْ يَأْتِكَ فَاتَّبِعْنِي أَهْدِكَ صِرَاطًا سَوِيًّا",
      "verseStringB": "O, my father! There has come to me knowledge that never came to you. So follow me, and I will guide you to a proper path."
    },
    {
      "verseNumber": 44,
      "verseString": "يَا أَبَتِ لَا تَعْبُدِ الشَّيْطَانَ ۖ إِنَّ الشَّيْطَانَ كَانَ لِلرَّحْمَٰنِ عَصِيًّا",
      "verseStringB": "O, my father! Do not worship Satan. Satan is disobedient to the Most Merciful."
    },
    {
      "verseNumber": 45,
      "verseString": "يَا أَبَتِ إِنِّي أَخَافُ أَنْ يَمَسَّكَ عَذَابٌ مِنَ الرَّحْمَٰنِ فَتَكُونَ لِلشَّيْطَانِ وَلِيًّا",
      "verseStringB": "O, my father! I fear that a punishment from the Compassionate will afflict you, and you become a friend of Satan.”"
    },
    {
      "verseNumber": 46,
      "verseString": "قَالَ أَرَاغِبٌ أَنْتَ عَنْ آلِهَتِي يَا إِبْرَاهِيمُ ۖ لَئِنْ لَمْ تَنْتَهِ لَأَرْجُمَنَّكَ ۖ وَاهْجُرْنِي مَلِيًّا",
      "verseStringB": "He said, “Are you renouncing my gods, O Abraham? If you do not desist, I will stone you. So leave me alone, for a long while.”"
    },
    {
      "verseNumber": 47,
      "verseString": "قَالَ سَلَامٌ عَلَيْكَ ۖ سَأَسْتَغْفِرُ لَكَ رَبِّي ۖ إِنَّهُ كَانَ بِي حَفِيًّا",
      "verseStringB": "He said, “Peace be upon you. I will ask my Lord to forgive you; He has been gracious to me."
    },
    {
      "verseNumber": 48,
      "verseString": "وَأَعْتَزِلُكُمْ وَمَا تَدْعُونَ مِنْ دُونِ اللَّهِ وَأَدْعُو رَبِّي عَسَىٰ أَلَّا أَكُونَ بِدُعَاءِ رَبِّي شَقِيًّا",
      "verseStringB": "And I will distance myself from you, and from what you pray to besides Allah. And I will pray to my Lord, and I trust that I will not be disappointed in my prayer to my Lord.”"
    },
    {
      "verseNumber": 49,
      "verseString": "فَلَمَّا اعْتَزَلَهُمْ وَمَا يَعْبُدُونَ مِنْ دُونِ اللَّهِ وَهَبْنَا لَهُ إِسْحَاقَ وَيَعْقُوبَ ۖ وَكُلًّا جَعَلْنَا نَبِيًّا",
      "verseStringB": "And when he withdrew from them, and from what they worship besides Allah, We granted him Isaac and Jacob, and each We made a prophet."
    },
    {
      "verseNumber": 50,
      "verseString": "وَوَهَبْنَا لَهُمْ مِنْ رَحْمَتِنَا وَجَعَلْنَا لَهُمْ لِسَانَ صِدْقٍ عَلِيًّا",
      "verseStringB": "And We showered them with Our mercy, and We blessed them with an honorable reputation."
    },
    {
      "verseNumber": 51,
      "verseString": "وَاذْكُرْ فِي الْكِتَابِ مُوسَىٰ ۚ إِنَّهُ كَانَ مُخْلَصًا وَكَانَ رَسُولًا نَبِيًّا",
      "verseStringB": "And mention in the Book Moses. He was chosen. He was a messenger, a prophet."
    },
    {
      "verseNumber": 52,
      "verseString": "وَنَادَيْنَاهُ مِنْ جَانِبِ الطُّورِ الْأَيْمَنِ وَقَرَّبْنَاهُ نَجِيًّا",
      "verseStringB": "And We called him from the right side of the Mount, and We brought him in near communion."
    },
    {
      "verseNumber": 53,
      "verseString": "وَوَهَبْنَا لَهُ مِنْ رَحْمَتِنَا أَخَاهُ هَارُونَ نَبِيًّا",
      "verseStringB": "And We appointed for him—from Our mercy—his brother Aaron, a prophet."
    },
    {
      "verseNumber": 54,
      "verseString": "وَاذْكُرْ فِي الْكِتَابِ إِسْمَاعِيلَ ۚ إِنَّهُ كَانَ صَادِقَ الْوَعْدِ وَكَانَ رَسُولًا نَبِيًّا",
      "verseStringB": "And mention in the Book Ishmael. He was true to his promise, and he was a messenger, a prophet."
    },
    {
      "verseNumber": 55,
      "verseString": "وَكَانَ يَأْمُرُ أَهْلَهُ بِالصَّلَاةِ وَالزَّكَاةِ وَكَانَ عِنْدَ رَبِّهِ مَرْضِيًّا",
      "verseStringB": "And he used to urge his family to pray and to give charity, and he was pleasing to his Lord."
    },
    {
      "verseNumber": 56,
      "verseString": "وَاذْكُرْ فِي الْكِتَابِ إِدْرِيسَ ۚ إِنَّهُ كَانَ صِدِّيقًا نَبِيًّا",
      "verseStringB": "And mention in the Book Enoch. He was a man of truth, a prophet."
    },
    {
      "verseNumber": 57,
      "verseString": "وَرَفَعْنَاهُ مَكَانًا عَلِيًّا",
      "verseStringB": "And We elevated him to a sublime station."
    },
    {
      "verseNumber": 58,
      "verseString": "أُولَٰئِكَ الَّذِينَ أَنْعَمَ اللَّهُ عَلَيْهِمْ مِنَ النَّبِيِّينَ مِنْ ذُرِّيَّةِ آدَمَ وَمِمَّنْ حَمَلْنَا مَعَ نُوحٍ وَمِنْ ذُرِّيَّةِ إِبْرَاهِيمَ وَإِسْرَائِيلَ وَمِمَّنْ هَدَيْنَا وَاجْتَبَيْنَا ۚ إِذَا تُتْلَىٰ عَلَيْهِمْ آيَاتُ الرَّحْمَٰنِ خَرُّوا سُجَّدًا وَبُكِيًّا ۩",
      "verseStringB": "These are some of the prophets whom Allah has blessed, from the descendants of Adam, and from those We carried with Noah, and from the descendants of Abraham and Israel, and from those We guided and selected. Whenever the revelations of the Most Gracious were recited to them, they would fall down, prostrating and weeping."
    },
    {
      "verseNumber": 59,
      "verseString": "فَخَلَفَ مِنْ بَعْدِهِمْ خَلْفٌ أَضَاعُوا الصَّلَاةَ وَاتَّبَعُوا الشَّهَوَاتِ ۖ فَسَوْفَ يَلْقَوْنَ غَيًّا",
      "verseStringB": "But they were succeeded by generations who lost the prayers and followed their appetites. They will face perdition."
    },
    {
      "verseNumber": 60,
      "verseString": "إِلَّا مَنْ تَابَ وَآمَنَ وَعَمِلَ صَالِحًا فَأُولَٰئِكَ يَدْخُلُونَ الْجَنَّةَ وَلَا يُظْلَمُونَ شَيْئًا",
      "verseStringB": "Except for those who repent, and believe, and act righteously. These will enter Paradise, and will not be wronged a bit."
    },
    {
      "verseNumber": 61,
      "verseString": "جَنَّاتِ عَدْنٍ الَّتِي وَعَدَ الرَّحْمَٰنُ عِبَادَهُ بِالْغَيْبِ ۚ إِنَّهُ كَانَ وَعْدُهُ مَأْتِيًّا",
      "verseStringB": "The Gardens of Eden—promised by the Most Gracious to His worshipers in the Unseen. His promise will be fulfilled."
    },
    {
      "verseNumber": 62,
      "verseString": "لَا يَسْمَعُونَ فِيهَا لَغْوًا إِلَّا سَلَامًا ۖ وَلَهُمْ رِزْقُهُمْ فِيهَا بُكْرَةً وَعَشِيًّا",
      "verseStringB": "They will hear in it no-nonsense, but only peace. And they will have their provision in it, morning and evening."
    },
    {
      "verseNumber": 63,
      "verseString": "تِلْكَ الْجَنَّةُ الَّتِي نُورِثُ مِنْ عِبَادِنَا مَنْ كَانَ تَقِيًّا",
      "verseStringB": "That is Paradise which We will grant to those of Our servants who are devout."
    },
    {
      "verseNumber": 64,
      "verseString": "وَمَا نَتَنَزَّلُ إِلَّا بِأَمْرِ رَبِّكَ ۖ لَهُ مَا بَيْنَ أَيْدِينَا وَمَا خَلْفَنَا وَمَا بَيْنَ ذَٰلِكَ ۚ وَمَا كَانَ رَبُّكَ نَسِيًّا",
      "verseStringB": "“We do not descend, except by the command of your Lord. To Him belongs everything in front of us, everything behind us, and everything between that. And your Lord is not forgetful.”"
    },
    {
      "verseNumber": 65,
      "verseString": "رَبُّ السَّمَاوَاتِ وَالْأَرْضِ وَمَا بَيْنَهُمَا فَاعْبُدْهُ وَاصْطَبِرْ لِعِبَادَتِهِ ۚ هَلْ تَعْلَمُ لَهُ سَمِيًّا",
      "verseStringB": "Lord of the heavens and the earth and everything between them. So worship Him and persevere in His servitude. Do you know of anyone equal to Him?"
    },
    {
      "verseNumber": 66,
      "verseString": "وَيَقُولُ الْإِنْسَانُ أَإِذَا مَا مِتُّ لَسَوْفَ أُخْرَجُ حَيًّا",
      "verseStringB": "And the human being says, “When I am dead, will I be brought to life?”"
    },
    {
      "verseNumber": 67,
      "verseString": "أَوَلَا يَذْكُرُ الْإِنْسَانُ أَنَّا خَلَقْنَاهُ مِنْ قَبْلُ وَلَمْ يَكُ شَيْئًا",
      "verseStringB": "Does the human being not remember that We created him before—when he was nothing?"
    },
    {
      "verseNumber": 68,
      "verseString": "فَوَرَبِّكَ لَنَحْشُرَنَّهُمْ وَالشَّيَاطِينَ ثُمَّ لَنُحْضِرَنَّهُمْ حَوْلَ جَهَنَّمَ جِثِيًّا",
      "verseStringB": "By your Lord, We will round them up, along with the devils, then We will bring them around Hell, on their knees."
    },
    {
      "verseNumber": 69,
      "verseString": "ثُمَّ لَنَنْزِعَنَّ مِنْ كُلِّ شِيعَةٍ أَيُّهُمْ أَشَدُّ عَلَى الرَّحْمَٰنِ عِتِيًّا",
      "verseStringB": "Then, out of every sect, We will snatch those most defiant to the Compassionate."
    },
    {
      "verseNumber": 70,
      "verseString": "ثُمَّ لَنَحْنُ أَعْلَمُ بِالَّذِينَ هُمْ أَوْلَىٰ بِهَا صِلِيًّا",
      "verseStringB": "Then We will know those most deserving to scorch in it."
    },
    {
      "verseNumber": 71,
      "verseString": "وَإِنْ مِنْكُمْ إِلَّا وَارِدُهَا ۚ كَانَ عَلَىٰ رَبِّكَ حَتْمًا مَقْضِيًّا",
      "verseStringB": "There is not one of you but will approach it. It is, with your Lord, an unavoidable decision."
    },
    {
      "verseNumber": 72,
      "verseString": "ثُمَّ نُنَجِّي الَّذِينَ اتَّقَوْا وَنَذَرُ الظَّالِمِينَ فِيهَا جِثِيًّا",
      "verseStringB": "Then We will save those who were cautious, and leave the wrongdoers there, on their knees."
    },
    {
      "verseNumber": 73,
      "verseString": "وَإِذَا تُتْلَىٰ عَلَيْهِمْ آيَاتُنَا بَيِّنَاتٍ قَالَ الَّذِينَ كَفَرُوا لِلَّذِينَ آمَنُوا أَيُّ الْفَرِيقَيْنِ خَيْرٌ مَقَامًا وَأَحْسَنُ نَدِيًّا",
      "verseStringB": "And when Our Verses are read to them, as clear proofs, those who disbelieve say to those who believe, “Which of the two groups is better in position, and in better company?”"
    },
    {
      "verseNumber": 74,
      "verseString": "وَكَمْ أَهْلَكْنَا قَبْلَهُمْ مِنْ قَرْنٍ هُمْ أَحْسَنُ أَثَاثًا وَرِئْيًا",
      "verseStringB": "How many generations have We destroyed before them, who surpassed them in assets and appearance?"
    },
    {
      "verseNumber": 75,
      "verseString": "قُلْ مَنْ كَانَ فِي الضَّلَالَةِ فَلْيَمْدُدْ لَهُ الرَّحْمَٰنُ مَدًّا ۚ حَتَّىٰ إِذَا رَأَوْا مَا يُوعَدُونَ إِمَّا الْعَذَابَ وَإِمَّا السَّاعَةَ فَسَيَعْلَمُونَ مَنْ هُوَ شَرٌّ مَكَانًا وَأَضْعَفُ جُنْدًا",
      "verseStringB": "Say, “Whoever is in error, the Most Gracious will lead him on.” Until, when they see what they were promised—either the punishment or the Hour. Then they will know whose position is worse, and whose forces are weaker.”"
    },
    {
      "verseNumber": 76,
      "verseString": "وَيَزِيدُ اللَّهُ الَّذِينَ اهْتَدَوْا هُدًى ۗ وَالْبَاقِيَاتُ الصَّالِحَاتُ خَيْرٌ عِنْدَ رَبِّكَ ثَوَابًا وَخَيْرٌ مَرَدًّا",
      "verseStringB": "Allah increases in guidance those who are guided. And the things that last—the righteous deeds—have the best reward with your Lord, and the best outcome."
    },
    {
      "verseNumber": 77,
      "verseString": "أَفَرَأَيْتَ الَّذِي كَفَرَ بِآيَاتِنَا وَقَالَ لَأُوتَيَنَّ مَالًا وَوَلَدًا",
      "verseStringB": "Have you considered him who denied Our revelations, and said, “I will be given wealth and children”?"
    },
    {
      "verseNumber": 78,
      "verseString": "أَطَّلَعَ الْغَيْبَ أَمِ اتَّخَذَ عِنْدَ الرَّحْمَٰنِ عَهْدًا",
      "verseStringB": "Did he look into the future, or did he receive a promise from the Compassionate?"
    },
    {
      "verseNumber": 79,
      "verseString": "كَلَّا ۚ سَنَكْتُبُ مَا يَقُولُ وَنَمُدُّ لَهُ مِنَ الْعَذَابِ مَدًّا",
      "verseStringB": "Not at all! We will record what he says, and We will keep extending the agony for him."
    },
    {
      "verseNumber": 80,
      "verseString": "وَنَرِثُهُ مَا يَقُولُ وَيَأْتِينَا فَرْدًا",
      "verseStringB": "Then We will inherit from him what he says, and he will come to Us alone."
    },
    {
      "verseNumber": 81,
      "verseString": "وَاتَّخَذُوا مِنْ دُونِ اللَّهِ آلِهَةً لِيَكُونُوا لَهُمْ عِزًّا",
      "verseStringB": "And they took, besides Allah, other gods, to be a source of strength for them."
    },
    {
      "verseNumber": 82,
      "verseString": "كَلَّا ۚ سَيَكْفُرُونَ بِعِبَادَتِهِمْ وَيَكُونُونَ عَلَيْهِمْ ضِدًّا",
      "verseStringB": "By no means! They will reject their worship of them, and they will become opponents to them."
    },
    {
      "verseNumber": 83,
      "verseString": "أَلَمْ تَرَ أَنَّا أَرْسَلْنَا الشَّيَاطِينَ عَلَى الْكَافِرِينَ تَؤُزُّهُمْ أَزًّا",
      "verseStringB": "Do you not consider how We unleash the devils on the unbelievers, inciting them with incitement?"
    },
    {
      "verseNumber": 84,
      "verseString": "فَلَا تَعْجَلْ عَلَيْهِمْ ۖ إِنَّمَا نَعُدُّ لَهُمْ عَدًّا",
      "verseStringB": "So be not in a hurry against them. We are counting for them a countdown."
    },
    {
      "verseNumber": 85,
      "verseString": "يَوْمَ نَحْشُرُ الْمُتَّقِينَ إِلَى الرَّحْمَٰنِ وَفْدًا",
      "verseStringB": "On the Day when We will gather the righteous before the Beneficent, as guests."
    },
    {
      "verseNumber": 86,
      "verseString": "وَنَسُوقُ الْمُجْرِمِينَ إِلَىٰ جَهَنَّمَ وِرْدًا",
      "verseStringB": "And drive the guilty into Hell, as a thirsty herd."
    },
    {
      "verseNumber": 87,
      "verseString": "لَا يَمْلِكُونَ الشَّفَاعَةَ إِلَّا مَنِ اتَّخَذَ عِنْدَ الرَّحْمَٰنِ عَهْدًا",
      "verseStringB": "They will have no power of intercession, except for someone who has a covenant with the Most Merciful."
    },
    {
      "verseNumber": 88,
      "verseString": "وَقَالُوا اتَّخَذَ الرَّحْمَٰنُ وَلَدًا",
      "verseStringB": "And they say, “The Compassionate has taken a child.”"
    },
    {
      "verseNumber": 89,
      "verseString": "لَقَدْ جِئْتُمْ شَيْئًا إِدًّا",
      "verseStringB": "You have come up with something outrageous."
    },
    {
      "verseNumber": 90,
      "verseString": "تَكَادُ السَّمَاوَاتُ يَتَفَطَّرْنَ مِنْهُ وَتَنْشَقُّ الْأَرْضُ وَتَخِرُّ الْجِبَالُ هَدًّا",
      "verseStringB": "At which the heavens almost rupture, and the earth splits, and the mountains fall and crumble."
    },
    {
      "verseNumber": 91,
      "verseString": "أَنْ دَعَوْا لِلرَّحْمَٰنِ وَلَدًا",
      "verseStringB": "Because they attribute a child to the Most Merciful."
    },
    {
      "verseNumber": 92,
      "verseString": "وَمَا يَنْبَغِي لِلرَّحْمَٰنِ أَنْ يَتَّخِذَ وَلَدًا",
      "verseStringB": "It is not fitting for the Most Gracious to have a child."
    },
    {
      "verseNumber": 93,
      "verseString": "إِنْ كُلُّ مَنْ فِي السَّمَاوَاتِ وَالْأَرْضِ إِلَّا آتِي الرَّحْمَٰنِ عَبْدًا",
      "verseStringB": "There is none in the heavens and the earth, but will come to the Beneficent, as a servant."
    },
    {
      "verseNumber": 94,
      "verseString": "لَقَدْ أَحْصَاهُمْ وَعَدَّهُمْ عَدًّا",
      "verseStringB": "He has enumerated them, and He counted them one by one."
    },
    {
      "verseNumber": 95,
      "verseString": "وَكُلُّهُمْ آتِيهِ يَوْمَ الْقِيَامَةِ فَرْدًا",
      "verseStringB": "And every one of them will come to Him on the Day of Resurrection, alone."
    },
    {
      "verseNumber": 96,
      "verseString": "إِنَّ الَّذِينَ آمَنُوا وَعَمِلُوا الصَّالِحَاتِ سَيَجْعَلُ لَهُمُ الرَّحْمَٰنُ وُدًّا",
      "verseStringB": "Those who believe and do righteous deeds: the Mercy Giver will give them love."
    },
    {
      "verseNumber": 97,
      "verseString": "فَإِنَّمَا يَسَّرْنَاهُ بِلِسَانِكَ لِتُبَشِّرَ بِهِ الْمُتَّقِينَ وَتُنْذِرَ بِهِ قَوْمًا لُدًّا",
      "verseStringB": "We made it easy in your language: to deliver good news to the righteous, and to warn with it a hostile people."
    },
    {
      "verseNumber": 98,
      "verseString": "وَكَمْ أَهْلَكْنَا قَبْلَهُمْ مِنْ قَرْنٍ هَلْ تُحِسُّ مِنْهُمْ مِنْ أَحَدٍ أَوْ تَسْمَعُ لَهُمْ رِكْزًا",
      "verseStringB": "How many a generation have We destroyed before them? Can you feel a single one of them, or hear from them a whisper?"
    }
  ],
  "nameEnglish": "Mary",
  "nameTrans": "Maryam",
  "nameArabic": "مريم",
  "chapterNumber": 19,
  "nVerses": 98
}