{
  "verses": [
    {
      "verseNumber": 0,
      "verseString": "بِسْمِ اللَّهِ الرَّحْمَٰنِ الرَّحِيمِ",
      "verseStringB": "In the name of Allah, the Compassionate, the Merciful."
    },
    {
      "verseNumber": 1,
      "verseString": "يَا أَيُّهَا النَّاسُ اتَّقُوا رَبَّكُمْ ۚ إِنَّ زَلْزَلَةَ السَّاعَةِ شَيْءٌ عَظِيمٌ",
      "verseStringB": "O, people! Be conscious of your Lord: the quaking of the Hour is something tremendous."
    },
    {
      "verseNumber": 2,
      "verseString": "يَوْمَ تَرَوْنَهَا تَذْهَلُ كُلُّ مُرْضِعَةٍ عَمَّا أَرْضَعَتْ وَتَضَعُ كُلُّ ذَاتِ حَمْلٍ حَمْلَهَا وَتَرَى النَّاسَ سُكَارَىٰ وَمَا هُمْ بِسُكَارَىٰ وَلَٰكِنَّ عَذَابَ اللَّهِ شَدِيدٌ",
      "verseStringB": "On the Day when you see it: every nursing mother will abandon what she nurses, and every pregnant female will abort her load. And you will see the people drunk, even though they are not drunk—but the punishment of Allah is severe."
    },
    {
      "verseNumber": 3,
      "verseString": "وَمِنَ النَّاسِ مَنْ يُجَادِلُ فِي اللَّهِ بِغَيْرِ عِلْمٍ وَيَتَّبِعُ كُلَّ شَيْطَانٍ مَرِيدٍ",
      "verseStringB": "And among the people are those who argue about Allah without knowledge, and follow every defiant devil."
    },
    {
      "verseNumber": 4,
      "verseString": "كُتِبَ عَلَيْهِ أَنَّهُ مَنْ تَوَلَّاهُ فَأَنَّهُ يُضِلُّهُ وَيَهْدِيهِ إِلَىٰ عَذَابِ السَّعِيرِ",
      "verseStringB": "It was decreed for him, that whoever follows him: he will misguide him, and lead him into the suffering of the Blaze."
    },
    {
      "verseNumber": 5,
      "verseString": "يَا أَيُّهَا النَّاسُ إِنْ كُنْتُمْ فِي رَيْبٍ مِنَ الْبَعْثِ فَإِنَّا خَلَقْنَاكُمْ مِنْ تُرَابٍ ثُمَّ مِنْ نُطْفَةٍ ثُمَّ مِنْ عَلَقَةٍ ثُمَّ مِنْ مُضْغَةٍ مُخَلَّقَةٍ وَغَيْرِ مُخَلَّقَةٍ لِنُبَيِّنَ لَكُمْ ۚ وَنُقِرُّ فِي الْأَرْحَامِ مَا نَشَاءُ إِلَىٰ أَجَلٍ مُسَمًّى ثُمَّ نُخْرِجُكُمْ طِفْلًا ثُمَّ لِتَبْلُغُوا أَشُدَّكُمْ ۖ وَمِنْكُمْ مَنْ يُتَوَفَّىٰ وَمِنْكُمْ مَنْ يُرَدُّ إِلَىٰ أَرْذَلِ الْعُمُرِ لِكَيْلَا يَعْلَمَ مِنْ بَعْدِ عِلْمٍ شَيْئًا ۚ وَتَرَى الْأَرْضَ هَامِدَةً فَإِذَا أَنْزَلْنَا عَلَيْهَا الْمَاءَ اهْتَزَّتْ وَرَبَتْ وَأَنْبَتَتْ مِنْ كُلِّ زَوْجٍ بَهِيجٍ",
      "verseStringB": "O, people! If you are in doubt about the Resurrection: We created you from dust, then from a drop, then from a clinging clot, then from a lump—developed and undeveloped. To clarify things for you. And We settle in the wombs what We will, for a designated term, and then We bring you out as infants. Then you may reach your maturity. Some of you will pass away, and some of you will reach the vilest age, so that after having known he may not know. And you see the earth still, but when We send down water on it, it vibrates and swells, and grows every delightful pair."
    },
    {
      "verseNumber": 6,
      "verseString": "ذَٰلِكَ بِأَنَّ اللَّهَ هُوَ الْحَقُّ وَأَنَّهُ يُحْيِي الْمَوْتَىٰ وَأَنَّهُ عَلَىٰ كُلِّ شَيْءٍ قَدِيرٌ",
      "verseStringB": "That is because Allah is the Truth, and He gives life to the dead, and He is capable of everything."
    },
    {
      "verseNumber": 7,
      "verseString": "وَأَنَّ السَّاعَةَ آتِيَةٌ لَا رَيْبَ فِيهَا وَأَنَّ اللَّهَ يَبْعَثُ مَنْ فِي الْقُبُورِ",
      "verseStringB": "And the Hour is coming, there is no doubt about it, and Allah will resurrect those in the graves."
    },
    {
      "verseNumber": 8,
      "verseString": "وَمِنَ النَّاسِ مَنْ يُجَادِلُ فِي اللَّهِ بِغَيْرِ عِلْمٍ وَلَا هُدًى وَلَا كِتَابٍ مُنِيرٍ",
      "verseStringB": "And among the people are those who argue about Allah without knowledge, without guidance, and without an enlightening book."
    },
    {
      "verseNumber": 9,
      "verseString": "ثَانِيَ عِطْفِهِ لِيُضِلَّ عَنْ سَبِيلِ اللَّهِ ۖ لَهُ فِي الدُّنْيَا خِزْيٌ ۖ وَنُذِيقُهُ يَوْمَ الْقِيَامَةِ عَذَابَ الْحَرِيقِ",
      "verseStringB": "Turning aside in contempt, to lead away from Allah’s path. For him is humiliation in this life; and on the Day of Resurrection, We will make him taste the agony of burning."
    },
    {
      "verseNumber": 10,
      "verseString": "ذَٰلِكَ بِمَا قَدَّمَتْ يَدَاكَ وَأَنَّ اللَّهَ لَيْسَ بِظَلَّامٍ لِلْعَبِيدِ",
      "verseStringB": "That is because of what your hands have advanced, and Allah is not unjust to the servants."
    },
    {
      "verseNumber": 11,
      "verseString": "وَمِنَ النَّاسِ مَنْ يَعْبُدُ اللَّهَ عَلَىٰ حَرْفٍ ۖ فَإِنْ أَصَابَهُ خَيْرٌ اطْمَأَنَّ بِهِ ۖ وَإِنْ أَصَابَتْهُ فِتْنَةٌ انْقَلَبَ عَلَىٰ وَجْهِهِ خَسِرَ الدُّنْيَا وَالْآخِرَةَ ۚ ذَٰلِكَ هُوَ الْخُسْرَانُ الْمُبِينُ",
      "verseStringB": "And among the people are some who worship Allah on edge. If something good befalls him, he is content with it. But if an ordeal strikes him, he makes a turnaround, losing this world and the next. That is the obvious loss."
    },
    {
      "verseNumber": 12,
      "verseString": "يَدْعُو مِنْ دُونِ اللَّهِ مَا لَا يَضُرُّهُ وَمَا لَا يَنْفَعُهُ ۚ ذَٰلِكَ هُوَ الضَّلَالُ الْبَعِيدُ",
      "verseStringB": "He calls, apart from Allah, upon what neither harms him nor benefits him. That is the far straying."
    },
    {
      "verseNumber": 13,
      "verseString": "يَدْعُو لَمَنْ ضَرُّهُ أَقْرَبُ مِنْ نَفْعِهِ ۚ لَبِئْسَ الْمَوْلَىٰ وَلَبِئْسَ الْعَشِيرُ",
      "verseStringB": "He calls upon one whose harm is closer than his benefit. What a miserable master, and what an evil companion."
    },
    {
      "verseNumber": 14,
      "verseString": "إِنَّ اللَّهَ يُدْخِلُ الَّذِينَ آمَنُوا وَعَمِلُوا الصَّالِحَاتِ جَنَّاتٍ تَجْرِي مِنْ تَحْتِهَا الْأَنْهَارُ ۚ إِنَّ اللَّهَ يَفْعَلُ مَا يُرِيدُ",
      "verseStringB": "Allah will admit those who believe and do righteous deeds into Gardens beneath which rivers flow. Allah does whatever He wills."
    },
    {
      "verseNumber": 15,
      "verseString": "مَنْ كَانَ يَظُنُّ أَنْ لَنْ يَنْصُرَهُ اللَّهُ فِي الدُّنْيَا وَالْآخِرَةِ فَلْيَمْدُدْ بِسَبَبٍ إِلَى السَّمَاءِ ثُمَّ لْيَقْطَعْ فَلْيَنْظُرْ هَلْ يُذْهِبَنَّ كَيْدُهُ مَا يَغِيظُ",
      "verseStringB": "Whoever thinks that Allah will not help him in this life and in the Hereafter: let him stretch to the sky, then sever, then see if his cunning eliminates what enrages."
    },
    {
      "verseNumber": 16,
      "verseString": "وَكَذَٰلِكَ أَنْزَلْنَاهُ آيَاتٍ بَيِّنَاتٍ وَأَنَّ اللَّهَ يَهْدِي مَنْ يُرِيدُ",
      "verseStringB": "And so We revealed it as Clear Verses, and Allah guides whomever He wills."
    },
    {
      "verseNumber": 17,
      "verseString": "إِنَّ الَّذِينَ آمَنُوا وَالَّذِينَ هَادُوا وَالصَّابِئِينَ وَالنَّصَارَىٰ وَالْمَجُوسَ وَالَّذِينَ أَشْرَكُوا إِنَّ اللَّهَ يَفْصِلُ بَيْنَهُمْ يَوْمَ الْقِيَامَةِ ۚ إِنَّ اللَّهَ عَلَىٰ كُلِّ شَيْءٍ شَهِيدٌ",
      "verseStringB": "Those who believe, and those who are Jewish, and the Sabeans, and the Christians, and the Zoroastrians, and the Associators—Allah will judge between them on the Day of Resurrection. Allah is Witness over everything."
    },
    {
      "verseNumber": 18,
      "verseString": "أَلَمْ تَرَ أَنَّ اللَّهَ يَسْجُدُ لَهُ مَنْ فِي السَّمَاوَاتِ وَمَنْ فِي الْأَرْضِ وَالشَّمْسُ وَالْقَمَرُ وَالنُّجُومُ وَالْجِبَالُ وَالشَّجَرُ وَالدَّوَابُّ وَكَثِيرٌ مِنَ النَّاسِ ۖ وَكَثِيرٌ حَقَّ عَلَيْهِ الْعَذَابُ ۗ وَمَنْ يُهِنِ اللَّهُ فَمَا لَهُ مِنْ مُكْرِمٍ ۚ إِنَّ اللَّهَ يَفْعَلُ مَا يَشَاءُ ۩",
      "verseStringB": "Do you not realize that to Allah prostrates everyone in the heavens and everyone on earth, and the sun, and the moon, and the stars, and the mountains, and the trees, and the animals, and many of the people? But many are justly deserving of punishment. Whomever Allah shames, there is none to honor him. Allah does whatever He wills."
    },
    {
      "verseNumber": 19,
      "verseString": "هَٰذَانِ خَصْمَانِ اخْتَصَمُوا فِي رَبِّهِمْ ۖ فَالَّذِينَ كَفَرُوا قُطِّعَتْ لَهُمْ ثِيَابٌ مِنْ نَارٍ يُصَبُّ مِنْ فَوْقِ رُءُوسِهِمُ الْحَمِيمُ",
      "verseStringB": "Here are two adversaries feuding about their Lord. As for those who disbelieve: garments of fire will be tailored for them, and boiling water will be poured over their heads."
    },
    {
      "verseNumber": 20,
      "verseString": "يُصْهَرُ بِهِ مَا فِي بُطُونِهِمْ وَالْجُلُودُ",
      "verseStringB": "Melting their insides, and their skins."
    },
    {
      "verseNumber": 21,
      "verseString": "وَلَهُمْ مَقَامِعُ مِنْ حَدِيدٍ",
      "verseStringB": "And they will have maces of iron."
    },
    {
      "verseNumber": 22,
      "verseString": "كُلَّمَا أَرَادُوا أَنْ يَخْرُجُوا مِنْهَا مِنْ غَمٍّ أُعِيدُوا فِيهَا وَذُوقُوا عَذَابَ الْحَرِيقِ",
      "verseStringB": "Every time they try to escape the gloom, they will be returned into it: “Taste the suffering of burning!”"
    },
    {
      "verseNumber": 23,
      "verseString": "إِنَّ اللَّهَ يُدْخِلُ الَّذِينَ آمَنُوا وَعَمِلُوا الصَّالِحَاتِ جَنَّاتٍ تَجْرِي مِنْ تَحْتِهَا الْأَنْهَارُ يُحَلَّوْنَ فِيهَا مِنْ أَسَاوِرَ مِنْ ذَهَبٍ وَلُؤْلُؤًا ۖ وَلِبَاسُهُمْ فِيهَا حَرِيرٌ",
      "verseStringB": "But Allah will admit those who believe and do good deeds into Gardens beneath which rivers flow, where they will be adorned with bracelets of gold and pearls—and their clothing will be of silk."
    },
    {
      "verseNumber": 24,
      "verseString": "وَهُدُوا إِلَى الطَّيِّبِ مِنَ الْقَوْلِ وَهُدُوا إِلَىٰ صِرَاطِ الْحَمِيدِ",
      "verseStringB": "They were guided to the purity of speech. They were guided to the path of the Praised."
    },
    {
      "verseNumber": 25,
      "verseString": "إِنَّ الَّذِينَ كَفَرُوا وَيَصُدُّونَ عَنْ سَبِيلِ اللَّهِ وَالْمَسْجِدِ الْحَرَامِ الَّذِي جَعَلْنَاهُ لِلنَّاسِ سَوَاءً الْعَاكِفُ فِيهِ وَالْبَادِ ۚ وَمَنْ يُرِدْ فِيهِ بِإِلْحَادٍ بِظُلْمٍ نُذِقْهُ مِنْ عَذَابٍ أَلِيمٍ",
      "verseStringB": "As for those who disbelieve and repel from Allah’s path and from the Sacred House—which We have appointed for all people, residents and visitors alike. Whoever seeks to commit sacrilege in it: We will make him taste of a painful punishment."
    },
    {
      "verseNumber": 26,
      "verseString": "وَإِذْ بَوَّأْنَا لِإِبْرَاهِيمَ مَكَانَ الْبَيْتِ أَنْ لَا تُشْرِكْ بِي شَيْئًا وَطَهِّرْ بَيْتِيَ لِلطَّائِفِينَ وَالْقَائِمِينَ وَالرُّكَّعِ السُّجُودِ",
      "verseStringB": "And We showed Abraham the location of the House: “Do not associate anything with Me. And purify My House for those who go around, and those who stand, and those who bow and prostrate.”"
    },
    {
      "verseNumber": 27,
      "verseString": "وَأَذِّنْ فِي النَّاسِ بِالْحَجِّ يَأْتُوكَ رِجَالًا وَعَلَىٰ كُلِّ ضَامِرٍ يَأْتِينَ مِنْ كُلِّ فَجٍّ عَمِيقٍ",
      "verseStringB": "And call the people to the pilgrimage. They will come to you on foot, and on every transport. They will come from every distant point."
    },
    {
      "verseNumber": 28,
      "verseString": "لِيَشْهَدُوا مَنَافِعَ لَهُمْ وَيَذْكُرُوا اسْمَ اللَّهِ فِي أَيَّامٍ مَعْلُومَاتٍ عَلَىٰ مَا رَزَقَهُمْ مِنْ بَهِيمَةِ الْأَنْعَامِ ۖ فَكُلُوا مِنْهَا وَأَطْعِمُوا الْبَائِسَ الْفَقِيرَ",
      "verseStringB": "So that they may witness benefits for them, and celebrate Allah’s Name during the appointed days—for providing them with the livestock animals. So eat from it, and feed the suffering poor."
    },
    {
      "verseNumber": 29,
      "verseString": "ثُمَّ لْيَقْضُوا تَفَثَهُمْ وَلْيُوفُوا نُذُورَهُمْ وَلْيَطَّوَّفُوا بِالْبَيْتِ الْعَتِيقِ",
      "verseStringB": "Then let them perform their acts of purification, and fulfill their pledges, and circle the Ancient House."
    },
    {
      "verseNumber": 30,
      "verseString": "ذَٰلِكَ وَمَنْ يُعَظِّمْ حُرُمَاتِ اللَّهِ فَهُوَ خَيْرٌ لَهُ عِنْدَ رَبِّهِ ۗ وَأُحِلَّتْ لَكُمُ الْأَنْعَامُ إِلَّا مَا يُتْلَىٰ عَلَيْكُمْ ۖ فَاجْتَنِبُوا الرِّجْسَ مِنَ الْأَوْثَانِ وَاجْتَنِبُوا قَوْلَ الزُّورِ",
      "verseStringB": "Thus it is. Whoever magnifies the sanctities of Allah—It is better for him in the sight of their Lord. Livestock is permitted to you, except what was recited to you. So shun the abomination of idols, and shun false speech."
    },
    {
      "verseNumber": 31,
      "verseString": "حُنَفَاءَ لِلَّهِ غَيْرَ مُشْرِكِينَ بِهِ ۚ وَمَنْ يُشْرِكْ بِاللَّهِ فَكَأَنَّمَا خَرَّ مِنَ السَّمَاءِ فَتَخْطَفُهُ الطَّيْرُ أَوْ تَهْوِي بِهِ الرِّيحُ فِي مَكَانٍ سَحِيقٍ",
      "verseStringB": "Being faithful to Allah, not associating with Him. Whoever ascribes partners to Allah—it is as though he has fallen from the sky, and is snatched by the birds, or is swept away by the wind to a distant abyss."
    },
    {
      "verseNumber": 32,
      "verseString": "ذَٰلِكَ وَمَنْ يُعَظِّمْ شَعَائِرَ اللَّهِ فَإِنَّهَا مِنْ تَقْوَى الْقُلُوبِ",
      "verseStringB": "So it is. Whoever magnifies the sacraments of Allah—it is from the reverence of the hearts."
    },
    {
      "verseNumber": 33,
      "verseString": "لَكُمْ فِيهَا مَنَافِعُ إِلَىٰ أَجَلٍ مُسَمًّى ثُمَّ مَحِلُّهَا إِلَى الْبَيْتِ الْعَتِيقِ",
      "verseStringB": "In them are benefits for you, until a specified time. Then their place is at the Ancient House."
    },
    {
      "verseNumber": 34,
      "verseString": "وَلِكُلِّ أُمَّةٍ جَعَلْنَا مَنْسَكًا لِيَذْكُرُوا اسْمَ اللَّهِ عَلَىٰ مَا رَزَقَهُمْ مِنْ بَهِيمَةِ الْأَنْعَامِ ۗ فَإِلَٰهُكُمْ إِلَٰهٌ وَاحِدٌ فَلَهُ أَسْلِمُوا ۗ وَبَشِّرِ الْمُخْبِتِينَ",
      "verseStringB": "For every community, We have appointed a rite, so that they may pronounce Allah’s Name over the livestock He has provided them. Your God is One God, so to Him submit, and give good news to the humble."
    },
    {
      "verseNumber": 35,
      "verseString": "الَّذِينَ إِذَا ذُكِرَ اللَّهُ وَجِلَتْ قُلُوبُهُمْ وَالصَّابِرِينَ عَلَىٰ مَا أَصَابَهُمْ وَالْمُقِيمِي الصَّلَاةِ وَمِمَّا رَزَقْنَاهُمْ يُنْفِقُونَ",
      "verseStringB": "Those whose hearts tremble when Allah is mentioned, and those who endure what has befallen them, and those who perform the prayer and spend from what We have provided for them."
    },
    {
      "verseNumber": 36,
      "verseString": "وَالْبُدْنَ جَعَلْنَاهَا لَكُمْ مِنْ شَعَائِرِ اللَّهِ لَكُمْ فِيهَا خَيْرٌ ۖ فَاذْكُرُوا اسْمَ اللَّهِ عَلَيْهَا صَوَافَّ ۖ فَإِذَا وَجَبَتْ جُنُوبُهَا فَكُلُوا مِنْهَا وَأَطْعِمُوا الْقَانِعَ وَالْمُعْتَرَّ ۚ كَذَٰلِكَ سَخَّرْنَاهَا لَكُمْ لَعَلَّكُمْ تَشْكُرُونَ",
      "verseStringB": "And We made animal offerings among Allah’s rituals for you. There is good for you in them. So pronounce Allah’s Name over them when they line up. Then, when they have fallen on their sides: eat of them, and feed the needy who solicit and those who do not. Thus We subjected them to you, so you may give thanks."
    },
    {
      "verseNumber": 37,
      "verseString": "لَنْ يَنَالَ اللَّهَ لُحُومُهَا وَلَا دِمَاؤُهَا وَلَٰكِنْ يَنَالُهُ التَّقْوَىٰ مِنْكُمْ ۚ كَذَٰلِكَ سَخَّرَهَا لَكُمْ لِتُكَبِّرُوا اللَّهَ عَلَىٰ مَا هَدَاكُمْ ۗ وَبَشِّرِ الْمُحْسِنِينَ",
      "verseStringB": "Neither their flesh nor their blood ever reaches Allah. What reaches Him is the reverence from you. Thus He subdued them to you, so that you may glorify Allah for having guided you. And give good news to the charitable."
    },
    {
      "verseNumber": 38,
      "verseString": "إِنَّ اللَّهَ يُدَافِعُ عَنِ الَّذِينَ آمَنُوا ۗ إِنَّ اللَّهَ لَا يُحِبُّ كُلَّ خَوَّانٍ كَفُورٍ",
      "verseStringB": "Allah defends those who believe. Allah does not love any ungrateful traitor."
    },
    {
      "verseNumber": 39,
      "verseString": "أُذِنَ لِلَّذِينَ يُقَاتَلُونَ بِأَنَّهُمْ ظُلِمُوا ۚ وَإِنَّ اللَّهَ عَلَىٰ نَصْرِهِمْ لَقَدِيرٌ",
      "verseStringB": "Permission is granted to those who are fought—because they were wronged. And Allah is able to give them victory."
    },
    {
      "verseNumber": 40,
      "verseString": "الَّذِينَ أُخْرِجُوا مِنْ دِيَارِهِمْ بِغَيْرِ حَقٍّ إِلَّا أَنْ يَقُولُوا رَبُّنَا اللَّهُ ۗ وَلَوْلَا دَفْعُ اللَّهِ النَّاسَ بَعْضَهُمْ بِبَعْضٍ لَهُدِّمَتْ صَوَامِعُ وَبِيَعٌ وَصَلَوَاتٌ وَمَسَاجِدُ يُذْكَرُ فِيهَا اسْمُ اللَّهِ كَثِيرًا ۗ وَلَيَنْصُرَنَّ اللَّهُ مَنْ يَنْصُرُهُ ۗ إِنَّ اللَّهَ لَقَوِيٌّ عَزِيزٌ",
      "verseStringB": "Those who were unjustly evicted from their homes, only for saying: “Our Lord is Allah.” Were it not for Allah’s repelling people, some by means of others, monasteries, churches, synagogues, and mosques, where Allah’s Name is commemorated much, would have been demolished. Allah supports those who stand up for Him. Allah is Strong, Honorable."
    },
    {
      "verseNumber": 41,
      "verseString": "الَّذِينَ إِنْ مَكَّنَّاهُمْ فِي الْأَرْضِ أَقَامُوا الصَّلَاةَ وَآتَوُا الزَّكَاةَ وَأَمَرُوا بِالْمَعْرُوفِ وَنَهَوْا عَنِ الْمُنْكَرِ ۗ وَلِلَّهِ عَاقِبَةُ الْأُمُورِ",
      "verseStringB": "Those who, when We establish them in the land, perform the prayer, and give regular charity, and command what is right, and forbid what is wrong. With Allah rests the outcome of events."
    },
    {
      "verseNumber": 42,
      "verseString": "وَإِنْ يُكَذِّبُوكَ فَقَدْ كَذَّبَتْ قَبْلَهُمْ قَوْمُ نُوحٍ وَعَادٌ وَثَمُودُ",
      "verseStringB": "And if they deny you—the people of Noah denied before them, as did Aad and Thamood."
    },
    {
      "verseNumber": 43,
      "verseString": "وَقَوْمُ إِبْرَاهِيمَ وَقَوْمُ لُوطٍ",
      "verseStringB": "And the people of Abraham, and the people of Lot."
    },
    {
      "verseNumber": 44,
      "verseString": "وَأَصْحَابُ مَدْيَنَ ۖ وَكُذِّبَ مُوسَىٰ فَأَمْلَيْتُ لِلْكَافِرِينَ ثُمَّ أَخَذْتُهُمْ ۖ فَكَيْفَ كَانَ نَكِيرِ",
      "verseStringB": "And the residents of Median. And Moses was called a liar. Then I indulged the unbelievers. Then I seized them. So how was My rejection?"
    },
    {
      "verseNumber": 45,
      "verseString": "فَكَأَيِّنْ مِنْ قَرْيَةٍ أَهْلَكْنَاهَا وَهِيَ ظَالِمَةٌ فَهِيَ خَاوِيَةٌ عَلَىٰ عُرُوشِهَا وَبِئْرٍ مُعَطَّلَةٍ وَقَصْرٍ مَشِيدٍ",
      "verseStringB": "How many a town have We destroyed while it did wrong? It has fallen in ruin, with stilled wells, and lofty mansions."
    },
    {
      "verseNumber": 46,
      "verseString": "أَفَلَمْ يَسِيرُوا فِي الْأَرْضِ فَتَكُونَ لَهُمْ قُلُوبٌ يَعْقِلُونَ بِهَا أَوْ آذَانٌ يَسْمَعُونَ بِهَا ۖ فَإِنَّهَا لَا تَعْمَى الْأَبْصَارُ وَلَٰكِنْ تَعْمَى الْقُلُوبُ الَّتِي فِي الصُّدُورِ",
      "verseStringB": "Have they not journeyed through the earth, and had hearts to reason with, or ears to listen with? It is not the eyes that go blind, but it is the hearts, within the chests, that go blind."
    },
    {
      "verseNumber": 47,
      "verseString": "وَيَسْتَعْجِلُونَكَ بِالْعَذَابِ وَلَنْ يُخْلِفَ اللَّهُ وَعْدَهُ ۚ وَإِنَّ يَوْمًا عِنْدَ رَبِّكَ كَأَلْفِ سَنَةٍ مِمَّا تَعُدُّونَ",
      "verseStringB": "And they challenge you to hurry up the punishment. And Allah will never break His promise. But a day with your Lord is as a thousand years of your count."
    },
    {
      "verseNumber": 48,
      "verseString": "وَكَأَيِّنْ مِنْ قَرْيَةٍ أَمْلَيْتُ لَهَا وَهِيَ ظَالِمَةٌ ثُمَّ أَخَذْتُهَا وَإِلَيَّ الْمَصِيرُ",
      "verseStringB": "How many a town did I indulge, while it was unjust? Then I seized it. To Me is the destination."
    },
    {
      "verseNumber": 49,
      "verseString": "قُلْ يَا أَيُّهَا النَّاسُ إِنَّمَا أَنَا لَكُمْ نَذِيرٌ مُبِينٌ",
      "verseStringB": "Say, “O people, I am a clear warner to you.”"
    },
    {
      "verseNumber": 50,
      "verseString": "فَالَّذِينَ آمَنُوا وَعَمِلُوا الصَّالِحَاتِ لَهُمْ مَغْفِرَةٌ وَرِزْقٌ كَرِيمٌ",
      "verseStringB": "Those who believe and work righteousness: for them is forgiveness and a generous provision."
    },
    {
      "verseNumber": 51,
      "verseString": "وَالَّذِينَ سَعَوْا فِي آيَاتِنَا مُعَاجِزِينَ أُولَٰئِكَ أَصْحَابُ الْجَحِيمِ",
      "verseStringB": "But those who strive to discredit Our revelations: these are the inmates of the Blaze."
    },
    {
      "verseNumber": 52,
      "verseString": "وَمَا أَرْسَلْنَا مِنْ قَبْلِكَ مِنْ رَسُولٍ وَلَا نَبِيٍّ إِلَّا إِذَا تَمَنَّىٰ أَلْقَى الشَّيْطَانُ فِي أُمْنِيَّتِهِ فَيَنْسَخُ اللَّهُ مَا يُلْقِي الشَّيْطَانُ ثُمَّ يُحْكِمُ اللَّهُ آيَاتِهِ ۗ وَاللَّهُ عَلِيمٌ حَكِيمٌ",
      "verseStringB": "We never sent a messenger before you, or a prophet, but when he desired, Satan interfered in his wishes. But Allah nullifies what Satan interjects, then Allah affirms His revelations. Allah is Knowing and Wise."
    },
    {
      "verseNumber": 53,
      "verseString": "لِيَجْعَلَ مَا يُلْقِي الشَّيْطَانُ فِتْنَةً لِلَّذِينَ فِي قُلُوبِهِمْ مَرَضٌ وَالْقَاسِيَةِ قُلُوبُهُمْ ۗ وَإِنَّ الظَّالِمِينَ لَفِي شِقَاقٍ بَعِيدٍ",
      "verseStringB": "To make Satan’s suggestions a trial for those whose hearts are diseased, and those whose hearts are hardened. The wrongdoers are in deep discord."
    },
    {
      "verseNumber": 54,
      "verseString": "وَلِيَعْلَمَ الَّذِينَ أُوتُوا الْعِلْمَ أَنَّهُ الْحَقُّ مِنْ رَبِّكَ فَيُؤْمِنُوا بِهِ فَتُخْبِتَ لَهُ قُلُوبُهُمْ ۗ وَإِنَّ اللَّهَ لَهَادِ الَّذِينَ آمَنُوا إِلَىٰ صِرَاطٍ مُسْتَقِيمٍ",
      "verseStringB": "So that those gifted with knowledge would know that it is the truth from your Lord, and thus believe in it, and so that their hearts soften to it. Allah guides those who believe to a straight path."
    },
    {
      "verseNumber": 55,
      "verseString": "وَلَا يَزَالُ الَّذِينَ كَفَرُوا فِي مِرْيَةٍ مِنْهُ حَتَّىٰ تَأْتِيَهُمُ السَّاعَةُ بَغْتَةً أَوْ يَأْتِيَهُمْ عَذَابُ يَوْمٍ عَقِيمٍ",
      "verseStringB": "Those who disbelieve will remain in doubt about it—until the Hour takes them by surprise, or there comes upon them the suffering of a desolate day."
    },
    {
      "verseNumber": 56,
      "verseString": "الْمُلْكُ يَوْمَئِذٍ لِلَّهِ يَحْكُمُ بَيْنَهُمْ ۚ فَالَّذِينَ آمَنُوا وَعَمِلُوا الصَّالِحَاتِ فِي جَنَّاتِ النَّعِيمِ",
      "verseStringB": "The authority on that Day will be Allah’s. He will judge between them. Those who believe and do good works will be in the Gardens of Delight."
    },
    {
      "verseNumber": 57,
      "verseString": "وَالَّذِينَ كَفَرُوا وَكَذَّبُوا بِآيَاتِنَا فَأُولَٰئِكَ لَهُمْ عَذَابٌ مُهِينٌ",
      "verseStringB": "But as for those who disbelieve and reject Our revelations, for them will be a humiliating punishment."
    },
    {
      "verseNumber": 58,
      "verseString": "وَالَّذِينَ هَاجَرُوا فِي سَبِيلِ اللَّهِ ثُمَّ قُتِلُوا أَوْ مَاتُوا لَيَرْزُقَنَّهُمُ اللَّهُ رِزْقًا حَسَنًا ۚ وَإِنَّ اللَّهَ لَهُوَ خَيْرُ الرَّازِقِينَ",
      "verseStringB": "Those who emigrate in Allah’s way, and then get killed, or die, Allah will grant them a good provision. Allah is the Best of Providers."
    },
    {
      "verseNumber": 59,
      "verseString": "لَيُدْخِلَنَّهُمْ مُدْخَلًا يَرْضَوْنَهُ ۗ وَإِنَّ اللَّهَ لَعَلِيمٌ حَلِيمٌ",
      "verseStringB": "He will admit them an admittance they will be pleased with. Allah is Knowing and Clement."
    },
    {
      "verseNumber": 60,
      "verseString": "ذَٰلِكَ وَمَنْ عَاقَبَ بِمِثْلِ مَا عُوقِبَ بِهِ ثُمَّ بُغِيَ عَلَيْهِ لَيَنْصُرَنَّهُ اللَّهُ ۗ إِنَّ اللَّهَ لَعَفُوٌّ غَفُورٌ",
      "verseStringB": "Thus it is. Whoever retaliates in equivalence to the injury he received, but then he is wronged again, Allah will assist him. Allah is Pardoning and Forgiving."
    },
    {
      "verseNumber": 61,
      "verseString": "ذَٰلِكَ بِأَنَّ اللَّهَ يُولِجُ اللَّيْلَ فِي النَّهَارِ وَيُولِجُ النَّهَارَ فِي اللَّيْلِ وَأَنَّ اللَّهَ سَمِيعٌ بَصِيرٌ",
      "verseStringB": "That is because Allah merges the night into the day, and merges the day into the night, and because Allah is Hearing and Seeing."
    },
    {
      "verseNumber": 62,
      "verseString": "ذَٰلِكَ بِأَنَّ اللَّهَ هُوَ الْحَقُّ وَأَنَّ مَا يَدْعُونَ مِنْ دُونِهِ هُوَ الْبَاطِلُ وَأَنَّ اللَّهَ هُوَ الْعَلِيُّ الْكَبِيرُ",
      "verseStringB": "That is because Allah is the Reality, and what they call upon besides Him is vanity, and because Allah is the Sublime, the Grand."
    },
    {
      "verseNumber": 63,
      "verseString": "أَلَمْ تَرَ أَنَّ اللَّهَ أَنْزَلَ مِنَ السَّمَاءِ مَاءً فَتُصْبِحُ الْأَرْضُ مُخْضَرَّةً ۗ إِنَّ اللَّهَ لَطِيفٌ خَبِيرٌ",
      "verseStringB": "Do you not see that Allah sends down water from the sky, and the land becomes green? Allah is Kind and Aware."
    },
    {
      "verseNumber": 64,
      "verseString": "لَهُ مَا فِي السَّمَاوَاتِ وَمَا فِي الْأَرْضِ ۗ وَإِنَّ اللَّهَ لَهُوَ الْغَنِيُّ الْحَمِيدُ",
      "verseStringB": "To Him belongs whatever is in the heavens and whatever is on earth. Allah is the Rich, the Praised."
    },
    {
      "verseNumber": 65,
      "verseString": "أَلَمْ تَرَ أَنَّ اللَّهَ سَخَّرَ لَكُمْ مَا فِي الْأَرْضِ وَالْفُلْكَ تَجْرِي فِي الْبَحْرِ بِأَمْرِهِ وَيُمْسِكُ السَّمَاءَ أَنْ تَقَعَ عَلَى الْأَرْضِ إِلَّا بِإِذْنِهِ ۗ إِنَّ اللَّهَ بِالنَّاسِ لَرَءُوفٌ رَحِيمٌ",
      "verseStringB": "Do you not see that Allah has subjected to you whatever is on earth? And the ships sailing through the sea by His command? And He keeps the sky from falling down on earth, except by His permission. Allah is Gentle towards the people, Most Merciful."
    },
    {
      "verseNumber": 66,
      "verseString": "وَهُوَ الَّذِي أَحْيَاكُمْ ثُمَّ يُمِيتُكُمْ ثُمَّ يُحْيِيكُمْ ۗ إِنَّ الْإِنْسَانَ لَكَفُورٌ",
      "verseStringB": "It is He who gave you life, then makes you die, then revives you. The human being is ever ungrateful."
    },
    {
      "verseNumber": 67,
      "verseString": "لِكُلِّ أُمَّةٍ جَعَلْنَا مَنْسَكًا هُمْ نَاسِكُوهُ ۖ فَلَا يُنَازِعُنَّكَ فِي الْأَمْرِ ۚ وَادْعُ إِلَىٰ رَبِّكَ ۖ إِنَّكَ لَعَلَىٰ هُدًى مُسْتَقِيمٍ",
      "verseStringB": "For every community, We have appointed rites that they fulfill. So let them not dispute with you over the matter. And invite to your Lord. You are on Straight Guidance."
    },
    {
      "verseNumber": 68,
      "verseString": "وَإِنْ جَادَلُوكَ فَقُلِ اللَّهُ أَعْلَمُ بِمَا تَعْمَلُونَ",
      "verseStringB": "And if they argue with you, say, “Allah fully knows what you do.”"
    },
    {
      "verseNumber": 69,
      "verseString": "اللَّهُ يَحْكُمُ بَيْنَكُمْ يَوْمَ الْقِيَامَةِ فِيمَا كُنْتُمْ فِيهِ تَخْتَلِفُونَ",
      "verseStringB": "Allah will judge between you on the Day of Resurrection concerning what you used to differ about."
    },
    {
      "verseNumber": 70,
      "verseString": "أَلَمْ تَعْلَمْ أَنَّ اللَّهَ يَعْلَمُ مَا فِي السَّمَاءِ وَالْأَرْضِ ۗ إِنَّ ذَٰلِكَ فِي كِتَابٍ ۚ إِنَّ ذَٰلِكَ عَلَى اللَّهِ يَسِيرٌ",
      "verseStringB": "Do you not know that Allah knows everything in the heavens and on earth? This is in a Record. That is easy for Allah."
    },
    {
      "verseNumber": 71,
      "verseString": "وَيَعْبُدُونَ مِنْ دُونِ اللَّهِ مَا لَمْ يُنَزِّلْ بِهِ سُلْطَانًا وَمَا لَيْسَ لَهُمْ بِهِ عِلْمٌ ۗ وَمَا لِلظَّالِمِينَ مِنْ نَصِيرٍ",
      "verseStringB": "Yet they worship, besides Allah, what He never authorized, and of which they have no knowledge. There is no helper for the wrongdoers."
    },
    {
      "verseNumber": 72,
      "verseString": "وَإِذَا تُتْلَىٰ عَلَيْهِمْ آيَاتُنَا بَيِّنَاتٍ تَعْرِفُ فِي وُجُوهِ الَّذِينَ كَفَرُوا الْمُنْكَرَ ۖ يَكَادُونَ يَسْطُونَ بِالَّذِينَ يَتْلُونَ عَلَيْهِمْ آيَاتِنَا ۗ قُلْ أَفَأُنَبِّئُكُمْ بِشَرٍّ مِنْ ذَٰلِكُمُ ۗ النَّارُ وَعَدَهَا اللَّهُ الَّذِينَ كَفَرُوا ۖ وَبِئْسَ الْمَصِيرُ",
      "verseStringB": "And when Our Clear Verses are read to them, you will recognize denial on the faces of those who disbelieve, as they nearly assault those who read Our revelations to them. Say, “Shall I inform you of something far worse than that? The Fire! Allah has promised it to those who disbelieve. What a miserable outcome!”"
    },
    {
      "verseNumber": 73,
      "verseString": "يَا أَيُّهَا النَّاسُ ضُرِبَ مَثَلٌ فَاسْتَمِعُوا لَهُ ۚ إِنَّ الَّذِينَ تَدْعُونَ مِنْ دُونِ اللَّهِ لَنْ يَخْلُقُوا ذُبَابًا وَلَوِ اجْتَمَعُوا لَهُ ۖ وَإِنْ يَسْلُبْهُمُ الذُّبَابُ شَيْئًا لَا يَسْتَنْقِذُوهُ مِنْهُ ۚ ضَعُفَ الطَّالِبُ وَالْمَطْلُوبُ",
      "verseStringB": "O, people! A parable is presented, so listen to it: those you call upon besides Allah will never create a fly, even if they came together for that purpose. And if the fly snatches anything from them, they cannot recover it from it. Weak is the pursuer and the pursued."
    },
    {
      "verseNumber": 74,
      "verseString": "مَا قَدَرُوا اللَّهَ حَقَّ قَدْرِهِ ۗ إِنَّ اللَّهَ لَقَوِيٌّ عَزِيزٌ",
      "verseStringB": "They do not appreciate Allah as He should be appreciated. Allah is Strong, Mighty."
    },
    {
      "verseNumber": 75,
      "verseString": "اللَّهُ يَصْطَفِي مِنَ الْمَلَائِكَةِ رُسُلًا وَمِنَ النَّاسِ ۚ إِنَّ اللَّهَ سَمِيعٌ بَصِيرٌ",
      "verseStringB": "Allah selects messengers from among the angels, and from among the people. Allah is Hearing and Seeing."
    },
    {
      "verseNumber": 76,
      "verseString": "يَعْلَمُ مَا بَيْنَ أَيْدِيهِمْ وَمَا خَلْفَهُمْ ۗ وَإِلَى اللَّهِ تُرْجَعُ الْأُمُورُ",
      "verseStringB": "He knows what is ahead of them, and what is behind them. And to Allah, all matters will be returned."
    },
    {
      "verseNumber": 77,
      "verseString": "يَا أَيُّهَا الَّذِينَ آمَنُوا ارْكَعُوا وَاسْجُدُوا وَاعْبُدُوا رَبَّكُمْ وَافْعَلُوا الْخَيْرَ لَعَلَّكُمْ تُفْلِحُونَ ۩",
      "verseStringB": "O you who believe! Bow down, and prostrate, and worship your Lord, and do good deeds, so that you may succeed."
    },
    {
      "verseNumber": 78,
      "verseString": "وَجَاهِدُوا فِي اللَّهِ حَقَّ جِهَادِهِ ۚ هُوَ اجْتَبَاكُمْ وَمَا جَعَلَ عَلَيْكُمْ فِي الدِّينِ مِنْ حَرَجٍ ۚ مِلَّةَ أَبِيكُمْ إِبْرَاهِيمَ ۚ هُوَ سَمَّاكُمُ الْمُسْلِمِينَ مِنْ قَبْلُ وَفِي هَٰذَا لِيَكُونَ الرَّسُولُ شَهِيدًا عَلَيْكُمْ وَتَكُونُوا شُهَدَاءَ عَلَى النَّاسِ ۚ فَأَقِيمُوا الصَّلَاةَ وَآتُوا الزَّكَاةَ وَاعْتَصِمُوا بِاللَّهِ هُوَ مَوْلَاكُمْ ۖ فَنِعْمَ الْمَوْلَىٰ وَنِعْمَ النَّصِيرُ",
      "verseStringB": "And strive for Allah, with the striving due to Him. He has chosen you, and He has not burdened you in religion—the way of your father Abraham. It is he who named you Muslims before, and in this. So that the Messenger may be a witness over you, and you may be witnesses over the people. So pray regularly, and give regular charity, and adhere to Allah. He is your Guardian. What an excellent Master, and what an excellent Helper."
    }
  ],
  "nameEnglish": "The Pilgrimage",
  "nameTrans": "al-Hajj",
  "nameArabic": "الحج",
  "chapterNumber": 22,
  "nVerses": 78
}