{
  "verses": [
    {
      "verseNumber": 0,
      "verseString": "بِسْمِ اللَّهِ الرَّحْمَٰنِ الرَّحِيمِ",
      "verseStringB": "In the name of Allah, the Compassionate, the Merciful."
    },
    {
      "verseNumber": 1,
      "verseString": "الم",
      "verseStringB": "Alif. Lam. Meem."
    },
    {
      "verseNumber": 2,
      "verseString": "أَحَسِبَ النَّاسُ أَنْ يُتْرَكُوا أَنْ يَقُولُوا آمَنَّا وَهُمْ لَا يُفْتَنُونَ",
      "verseStringB": "Do people think they will be left alone to say, \"We believe,\" without being tested?"
    },
    {
      "verseNumber": 3,
      "verseString": "وَلَقَدْ فَتَنَّا الَّذِينَ مِنْ قَبْلِهِمْ ۖ فَلَيَعْلَمَنَّ اللَّهُ الَّذِينَ صَدَقُوا وَلَيَعْلَمَنَّ الْكَاذِبِينَ",
      "verseStringB": "We tested those before them. Allah certainly knows those who are thankful, and He certainly knows the liars."
    },
    {
      "verseNumber": 4,
      "verseString": "أَمْ حَسِبَ الَّذِينَ يَعْمَلُونَ السَّيِّئَاتِ أَنْ يَسْبِقُونَا ۚ سَاءَ مَا يَحْكُمُونَ",
      "verseStringB": "Or do those who commit bad deeds think they can outdo us? Terrible is their judgment!"
    },
    {
      "verseNumber": 5,
      "verseString": "مَنْ كَانَ يَرْجُو لِقَاءَ اللَّهِ فَإِنَّ أَجَلَ اللَّهِ لَآتٍ ۚ وَهُوَ السَّمِيعُ الْعَلِيمُ",
      "verseStringB": "Whoever looks forward to the meeting with Allah—Allah's appointed time is coming. He is the Hearing, the Knowing."
    },
    {
      "verseNumber": 6,
      "verseString": "وَمَنْ جَاهَدَ فَإِنَّمَا يُجَاهِدُ لِنَفْسِهِ ۚ إِنَّ اللَّهَ لَغَنِيٌّ عَنِ الْعَالَمِينَ",
      "verseStringB": "Whoever strives, strives only for himself. Allah is beyond the need of the worlds."
    },
    {
      "verseNumber": 7,
      "verseString": "وَالَّذِينَ آمَنُوا وَعَمِلُوا الصَّالِحَاتِ لَنُكَفِّرَنَّ عَنْهُمْ سَيِّئَاتِهِمْ وَلَنَجْزِيَنَّهُمْ أَحْسَنَ الَّذِي كَانُوا يَعْمَلُونَ",
      "verseStringB": "Those who believe and do good works: We will remit their sins, and We will reward them according to the best of what they used to do."
    },
    {
      "verseNumber": 8,
      "verseString": "وَوَصَّيْنَا الْإِنْسَانَ بِوَالِدَيْهِ حُسْنًا ۖ وَإِنْ جَاهَدَاكَ لِتُشْرِكَ بِي مَا لَيْسَ لَكَ بِهِ عِلْمٌ فَلَا تُطِعْهُمَا ۚ إِلَيَّ مَرْجِعُكُمْ فَأُنَبِّئُكُمْ بِمَا كُنْتُمْ تَعْمَلُونَ",
      "verseStringB": "We have advised the human being to be good to his parents. But if they urge you to associate with Me what you have no knowledge of, do not obey them. To Me is your return, and I will inform you of what you used to do."
    },
    {
      "verseNumber": 9,
      "verseString": "وَالَّذِينَ آمَنُوا وَعَمِلُوا الصَّالِحَاتِ لَنُدْخِلَنَّهُمْ فِي الصَّالِحِينَ",
      "verseStringB": "Those who believe and do good works: We will admit them with the righteous."
    },
    {
      "verseNumber": 10,
      "verseString": "وَمِنَ النَّاسِ مَنْ يَقُولُ آمَنَّا بِاللَّهِ فَإِذَا أُوذِيَ فِي اللَّهِ جَعَلَ فِتْنَةَ النَّاسِ كَعَذَابِ اللَّهِ وَلَئِنْ جَاءَ نَصْرٌ مِنْ رَبِّكَ لَيَقُولُنَّ إِنَّا كُنَّا مَعَكُمْ ۚ أَوَلَيْسَ اللَّهُ بِأَعْلَمَ بِمَا فِي صُدُورِ الْعَالَمِينَ",
      "verseStringB": "And among the people are those who say, “We have believed in Allah.” But if he is harmed for the sake of Allah, he equates people's persecution with Allah’s retribution. And if help comes from your Lord, he will say, “We were with you.” Does Allah not know what lies in the chests of all beings?"
    },
    {
      "verseNumber": 11,
      "verseString": "وَلَيَعْلَمَنَّ اللَّهُ الَّذِينَ آمَنُوا وَلَيَعْلَمَنَّ الْمُنَافِقِينَ",
      "verseStringB": "Allah certainly knows those who believe, and He certainly knows the hypocrites."
    },
    {
      "verseNumber": 12,
      "verseString": "وَقَالَ الَّذِينَ كَفَرُوا لِلَّذِينَ آمَنُوا اتَّبِعُوا سَبِيلَنَا وَلْنَحْمِلْ خَطَايَاكُمْ وَمَا هُمْ بِحَامِلِينَ مِنْ خَطَايَاهُمْ مِنْ شَيْءٍ ۖ إِنَّهُمْ لَكَاذِبُونَ",
      "verseStringB": "Those who disbelieve say to those who believe, “Follow our path, and we will carry your sins.” In no way can they carry any of their sins. They are liars."
    },
    {
      "verseNumber": 13,
      "verseString": "وَلَيَحْمِلُنَّ أَثْقَالَهُمْ وَأَثْقَالًا مَعَ أَثْقَالِهِمْ ۖ وَلَيُسْأَلُنَّ يَوْمَ الْقِيَامَةِ عَمَّا كَانُوا يَفْتَرُونَ",
      "verseStringB": "They will carry their own loads—and other loads with their own loads. And they will be questioned on the Day of Resurrection about what they used to fabricate."
    },
    {
      "verseNumber": 14,
      "verseString": "وَلَقَدْ أَرْسَلْنَا نُوحًا إِلَىٰ قَوْمِهِ فَلَبِثَ فِيهِمْ أَلْفَ سَنَةٍ إِلَّا خَمْسِينَ عَامًا فَأَخَذَهُمُ الطُّوفَانُ وَهُمْ ظَالِمُونَ",
      "verseStringB": "We sent Noah to his people, and He remained among them for a thousand years, less fifty years. Then the Deluge overtook them while they were wrongdoers."
    },
    {
      "verseNumber": 15,
      "verseString": "فَأَنْجَيْنَاهُ وَأَصْحَابَ السَّفِينَةِ وَجَعَلْنَاهَا آيَةً لِلْعَالَمِينَ",
      "verseStringB": "But We saved him, together with the Ark's occupants, and We made it a sign for all people."
    },
    {
      "verseNumber": 16,
      "verseString": "وَإِبْرَاهِيمَ إِذْ قَالَ لِقَوْمِهِ اعْبُدُوا اللَّهَ وَاتَّقُوهُ ۖ ذَٰلِكُمْ خَيْرٌ لَكُمْ إِنْ كُنْتُمْ تَعْلَمُونَ",
      "verseStringB": "And Abraham, when he said to his people, “Worship Allah and reverence Him. That is better for you—if you only knew."
    },
    {
      "verseNumber": 17,
      "verseString": "إِنَّمَا تَعْبُدُونَ مِنْ دُونِ اللَّهِ أَوْثَانًا وَتَخْلُقُونَ إِفْكًا ۚ إِنَّ الَّذِينَ تَعْبُدُونَ مِنْ دُونِ اللَّهِ لَا يَمْلِكُونَ لَكُمْ رِزْقًا فَابْتَغُوا عِنْدَ اللَّهِ الرِّزْقَ وَاعْبُدُوهُ وَاشْكُرُوا لَهُ ۖ إِلَيْهِ تُرْجَعُونَ",
      "verseStringB": "You worship idols besides Allah, and you fabricate falsehoods. Those you worship, instead of Allah, cannot provide you with a livelihood. So seek your livelihood from Allah, and worship Him, and be thankful to Him. To Him, you will be returned.”"
    },
    {
      "verseNumber": 18,
      "verseString": "وَإِنْ تُكَذِّبُوا فَقَدْ كَذَّبَ أُمَمٌ مِنْ قَبْلِكُمْ ۖ وَمَا عَلَى الرَّسُولِ إِلَّا الْبَلَاغُ الْمُبِينُ",
      "verseStringB": "If you deny, communities before you also denied. The Messenger’s duty is only clear proclamation."
    },
    {
      "verseNumber": 19,
      "verseString": "أَوَلَمْ يَرَوْا كَيْفَ يُبْدِئُ اللَّهُ الْخَلْقَ ثُمَّ يُعِيدُهُ ۚ إِنَّ ذَٰلِكَ عَلَى اللَّهِ يَسِيرٌ",
      "verseStringB": "Have they not considered how Allah originates creation, and then reproduces it? That is easy for Allah."
    },
    {
      "verseNumber": 20,
      "verseString": "قُلْ سِيرُوا فِي الْأَرْضِ فَانْظُرُوا كَيْفَ بَدَأَ الْخَلْقَ ۚ ثُمَّ اللَّهُ يُنْشِئُ النَّشْأَةَ الْآخِرَةَ ۚ إِنَّ اللَّهَ عَلَىٰ كُلِّ شَيْءٍ قَدِيرٌ",
      "verseStringB": "Say, “Roam the earth, and observe how He originated creation.” Then Allah will bring about the next existence. Allah is Powerful over all things.”"
    },
    {
      "verseNumber": 21,
      "verseString": "يُعَذِّبُ مَنْ يَشَاءُ وَيَرْحَمُ مَنْ يَشَاءُ ۖ وَإِلَيْهِ تُقْلَبُونَ",
      "verseStringB": "He punishes whom He wills, and He shows mercy to whom He wills. And to Him, you will be restored."
    },
    {
      "verseNumber": 22,
      "verseString": "وَمَا أَنْتُمْ بِمُعْجِزِينَ فِي الْأَرْضِ وَلَا فِي السَّمَاءِ ۖ وَمَا لَكُمْ مِنْ دُونِ اللَّهِ مِنْ وَلِيٍّ وَلَا نَصِيرٍ",
      "verseStringB": "You cannot escape on earth, nor in heaven. And apart from Allah, you have no protector, nor helper."
    },
    {
      "verseNumber": 23,
      "verseString": "وَالَّذِينَ كَفَرُوا بِآيَاتِ اللَّهِ وَلِقَائِهِ أُولَٰئِكَ يَئِسُوا مِنْ رَحْمَتِي وَأُولَٰئِكَ لَهُمْ عَذَابٌ أَلِيمٌ",
      "verseStringB": "Those who disbelieve in Allah’s communications and in the meeting with Him—it is they who have despaired of My mercy, and for them is a painful punishment."
    },
    {
      "verseNumber": 24,
      "verseString": "فَمَا كَانَ جَوَابَ قَوْمِهِ إِلَّا أَنْ قَالُوا اقْتُلُوهُ أَوْ حَرِّقُوهُ فَأَنْجَاهُ اللَّهُ مِنَ النَّارِ ۚ إِنَّ فِي ذَٰلِكَ لَآيَاتٍ لِقَوْمٍ يُؤْمِنُونَ",
      "verseStringB": "But the only response of his people was to say: “Kill him, or burn him!” But Allah saved him from the fire. Surely in this are signs for people who believe."
    },
    {
      "verseNumber": 25,
      "verseString": "وَقَالَ إِنَّمَا اتَّخَذْتُمْ مِنْ دُونِ اللَّهِ أَوْثَانًا مَوَدَّةَ بَيْنِكُمْ فِي الْحَيَاةِ الدُّنْيَا ۖ ثُمَّ يَوْمَ الْقِيَامَةِ يَكْفُرُ بَعْضُكُمْ بِبَعْضٍ وَيَلْعَنُ بَعْضُكُمْ بَعْضًا وَمَأْوَاكُمُ النَّارُ وَمَا لَكُمْ مِنْ نَاصِرِينَ",
      "verseStringB": "And he said, “You have chosen idols instead of Allah, out of affection for one another in this worldly life. But then, on the Day of Resurrection, you will disown one another, and curse one another, and your home will be the Fire, and you will have no helpers.”"
    },
    {
      "verseNumber": 26,
      "verseString": "فَآمَنَ لَهُ لُوطٌ ۘ وَقَالَ إِنِّي مُهَاجِرٌ إِلَىٰ رَبِّي ۖ إِنَّهُ هُوَ الْعَزِيزُ الْحَكِيمُ",
      "verseStringB": "Then Lot believed in him, and said, “I am emigrating to my Lord. He is the Noble, the Wise.”"
    },
    {
      "verseNumber": 27,
      "verseString": "وَوَهَبْنَا لَهُ إِسْحَاقَ وَيَعْقُوبَ وَجَعَلْنَا فِي ذُرِّيَّتِهِ النُّبُوَّةَ وَالْكِتَابَ وَآتَيْنَاهُ أَجْرَهُ فِي الدُّنْيَا ۖ وَإِنَّهُ فِي الْآخِرَةِ لَمِنَ الصَّالِحِينَ",
      "verseStringB": "And We granted him Isaac and Jacob, and We bestowed on his descendants Prophethood and the Scripture. And We gave him his reward in this life. And in the Hereafter, he will be among the upright."
    },
    {
      "verseNumber": 28,
      "verseString": "وَلُوطًا إِذْ قَالَ لِقَوْمِهِ إِنَّكُمْ لَتَأْتُونَ الْفَاحِشَةَ مَا سَبَقَكُمْ بِهَا مِنْ أَحَدٍ مِنَ الْعَالَمِينَ",
      "verseStringB": "And Lot, when he said to his people, “You are committing an obscenity not committed by anyone before you in the world."
    },
    {
      "verseNumber": 29,
      "verseString": "أَئِنَّكُمْ لَتَأْتُونَ الرِّجَالَ وَتَقْطَعُونَ السَّبِيلَ وَتَأْتُونَ فِي نَادِيكُمُ الْمُنْكَرَ ۖ فَمَا كَانَ جَوَابَ قَوْمِهِ إِلَّا أَنْ قَالُوا ائْتِنَا بِعَذَابِ اللَّهِ إِنْ كُنْتَ مِنَ الصَّادِقِينَ",
      "verseStringB": "You approach men, and cut off the highway, and commit lewdness in your gatherings.” But his people’s only response was to say, “Bring Allah’s punishment upon us, if you are truthful.”"
    },
    {
      "verseNumber": 30,
      "verseString": "قَالَ رَبِّ انْصُرْنِي عَلَى الْقَوْمِ الْمُفْسِدِينَ",
      "verseStringB": "He said, “My Lord, help me against the people of corruption.”"
    },
    {
      "verseNumber": 31,
      "verseString": "وَلَمَّا جَاءَتْ رُسُلُنَا إِبْرَاهِيمَ بِالْبُشْرَىٰ قَالُوا إِنَّا مُهْلِكُو أَهْلِ هَٰذِهِ الْقَرْيَةِ ۖ إِنَّ أَهْلَهَا كَانُوا ظَالِمِينَ",
      "verseStringB": "And when Our Envoys came to Abraham with the good news, they said, “We will destroy the people of this town—its people are wrongdoers.”"
    },
    {
      "verseNumber": 32,
      "verseString": "قَالَ إِنَّ فِيهَا لُوطًا ۚ قَالُوا نَحْنُ أَعْلَمُ بِمَنْ فِيهَا ۖ لَنُنَجِّيَنَّهُ وَأَهْلَهُ إِلَّا امْرَأَتَهُ كَانَتْ مِنَ الْغَابِرِينَ",
      "verseStringB": "He said, “But Lot is in it.” They said, “We are well aware of who is in it. We will save him and his family, except for his wife, she will be among those remaining behind.”"
    },
    {
      "verseNumber": 33,
      "verseString": "وَلَمَّا أَنْ جَاءَتْ رُسُلُنَا لُوطًا سِيءَ بِهِمْ وَضَاقَ بِهِمْ ذَرْعًا وَقَالُوا لَا تَخَفْ وَلَا تَحْزَنْ ۖ إِنَّا مُنَجُّوكَ وَأَهْلَكَ إِلَّا امْرَأَتَكَ كَانَتْ مِنَ الْغَابِرِينَ",
      "verseStringB": "And when Our Envoys came to Lot, they were mistreated, and he was distressed by their arrival. They said, “Do not fear, nor grieve. We will save you and your family, except for your wife; she is among those lagging behind.”"
    },
    {
      "verseNumber": 34,
      "verseString": "إِنَّا مُنْزِلُونَ عَلَىٰ أَهْلِ هَٰذِهِ الْقَرْيَةِ رِجْزًا مِنَ السَّمَاءِ بِمَا كَانُوا يَفْسُقُونَ",
      "verseStringB": "“We will bring down upon the people of this town a scourge from heaven, because of their rebelliousness.”"
    },
    {
      "verseNumber": 35,
      "verseString": "وَلَقَدْ تَرَكْنَا مِنْهَا آيَةً بَيِّنَةً لِقَوْمٍ يَعْقِلُونَ",
      "verseStringB": "And We left behind a clear trace of it, for people who understand."
    },
    {
      "verseNumber": 36,
      "verseString": "وَإِلَىٰ مَدْيَنَ أَخَاهُمْ شُعَيْبًا فَقَالَ يَا قَوْمِ اعْبُدُوا اللَّهَ وَارْجُوا الْيَوْمَ الْآخِرَ وَلَا تَعْثَوْا فِي الْأَرْضِ مُفْسِدِينَ",
      "verseStringB": "And to Median, their brother Shuaib. He said, “O my people, serve Allah and anticipate the Last Day, and do not behave wickedly on earth, spreading corruption.”"
    },
    {
      "verseNumber": 37,
      "verseString": "فَكَذَّبُوهُ فَأَخَذَتْهُمُ الرَّجْفَةُ فَأَصْبَحُوا فِي دَارِهِمْ جَاثِمِينَ",
      "verseStringB": "But they rejected him, and so the tremor overtook them, and they were left motionless in their homes."
    },
    {
      "verseNumber": 38,
      "verseString": "وَعَادًا وَثَمُودَ وَقَدْ تَبَيَّنَ لَكُمْ مِنْ مَسَاكِنِهِمْ ۖ وَزَيَّنَ لَهُمُ الشَّيْطَانُ أَعْمَالَهُمْ فَصَدَّهُمْ عَنِ السَّبِيلِ وَكَانُوا مُسْتَبْصِرِينَ",
      "verseStringB": "And Aad, and Thamood. It has become obvious to you from their dwellings. Satan embellished for them their deeds, barring them from the path, even though they could see."
    },
    {
      "verseNumber": 39,
      "verseString": "وَقَارُونَ وَفِرْعَوْنَ وَهَامَانَ ۖ وَلَقَدْ جَاءَهُمْ مُوسَىٰ بِالْبَيِّنَاتِ فَاسْتَكْبَرُوا فِي الْأَرْضِ وَمَا كَانُوا سَابِقِينَ",
      "verseStringB": "And Korah, and Pharaoh, and Hamaan: Moses went to them with clear arguments, but they acted arrogantly in the land. And they could not get ahead."
    },
    {
      "verseNumber": 40,
      "verseString": "فَكُلًّا أَخَذْنَا بِذَنْبِهِ ۖ فَمِنْهُمْ مَنْ أَرْسَلْنَا عَلَيْهِ حَاصِبًا وَمِنْهُمْ مَنْ أَخَذَتْهُ الصَّيْحَةُ وَمِنْهُمْ مَنْ خَسَفْنَا بِهِ الْأَرْضَ وَمِنْهُمْ مَنْ أَغْرَقْنَا ۚ وَمَا كَانَ اللَّهُ لِيَظْلِمَهُمْ وَلَٰكِنْ كَانُوا أَنْفُسَهُمْ يَظْلِمُونَ",
      "verseStringB": "Each We seized by his sin. Against some, We sent a sandstorm. And some were struck by the Blast. And some We caused the ground to cave in beneath them. And some We drowned. It was not Allah who wronged them, but it was they who wronged their own selves."
    },
    {
      "verseNumber": 41,
      "verseString": "مَثَلُ الَّذِينَ اتَّخَذُوا مِنْ دُونِ اللَّهِ أَوْلِيَاءَ كَمَثَلِ الْعَنْكَبُوتِ اتَّخَذَتْ بَيْتًا ۖ وَإِنَّ أَوْهَنَ الْبُيُوتِ لَبَيْتُ الْعَنْكَبُوتِ ۖ لَوْ كَانُوا يَعْلَمُونَ",
      "verseStringB": "The similitude of those who take protectors other than Allah is that of the spider. It builds a home. But the most fragile of homes is the spider’s home; if they only knew."
    },
    {
      "verseNumber": 42,
      "verseString": "إِنَّ اللَّهَ يَعْلَمُ مَا يَدْعُونَ مِنْ دُونِهِ مِنْ شَيْءٍ ۚ وَهُوَ الْعَزِيزُ الْحَكِيمُ",
      "verseStringB": "Allah knows whatever they invoke besides Him. And He is the Almighty, the Wise."
    },
    {
      "verseNumber": 43,
      "verseString": "وَتِلْكَ الْأَمْثَالُ نَضْرِبُهَا لِلنَّاسِ ۖ وَمَا يَعْقِلُهَا إِلَّا الْعَالِمُونَ",
      "verseStringB": "These examples—We site them to the people, but none grasps them except the learned."
    },
    {
      "verseNumber": 44,
      "verseString": "خَلَقَ اللَّهُ السَّمَاوَاتِ وَالْأَرْضَ بِالْحَقِّ ۚ إِنَّ فِي ذَٰلِكَ لَآيَةً لِلْمُؤْمِنِينَ",
      "verseStringB": "Allah created the heavens and the earth for a purpose. Surely in this is a sign for believers."
    },
    {
      "verseNumber": 45,
      "verseString": "اتْلُ مَا أُوحِيَ إِلَيْكَ مِنَ الْكِتَابِ وَأَقِمِ الصَّلَاةَ ۖ إِنَّ الصَّلَاةَ تَنْهَىٰ عَنِ الْفَحْشَاءِ وَالْمُنْكَرِ ۗ وَلَذِكْرُ اللَّهِ أَكْبَرُ ۗ وَاللَّهُ يَعْلَمُ مَا تَصْنَعُونَ",
      "verseStringB": "Recite what is revealed to you of the Scripture, and perform the prayer. The prayer prevents indecency and abomination. And the remembrance of Allah is more excellent. And Allah knows what you do."
    },
    {
      "verseNumber": 46,
      "verseString": "وَلَا تُجَادِلُوا أَهْلَ الْكِتَابِ إِلَّا بِالَّتِي هِيَ أَحْسَنُ إِلَّا الَّذِينَ ظَلَمُوا مِنْهُمْ ۖ وَقُولُوا آمَنَّا بِالَّذِي أُنْزِلَ إِلَيْنَا وَأُنْزِلَ إِلَيْكُمْ وَإِلَٰهُنَا وَإِلَٰهُكُمْ وَاحِدٌ وَنَحْنُ لَهُ مُسْلِمُونَ",
      "verseStringB": "And do not debate with the People of the Scripture except in the best manner possible, except those among them who do wrong. And say, “We believe in what was revealed to us, and in what was revealed to you, and our God and your God is One, and to Him we are submitters.”"
    },
    {
      "verseNumber": 47,
      "verseString": "وَكَذَٰلِكَ أَنْزَلْنَا إِلَيْكَ الْكِتَابَ ۚ فَالَّذِينَ آتَيْنَاهُمُ الْكِتَابَ يُؤْمِنُونَ بِهِ ۖ وَمِنْ هَٰؤُلَاءِ مَنْ يُؤْمِنُ بِهِ ۚ وَمَا يَجْحَدُ بِآيَاتِنَا إِلَّا الْكَافِرُونَ",
      "verseStringB": "Likewise, We revealed to you the Scripture. Those to whom We gave the Scripture believe in it. And among these are some who believe in it. None reject Our communications except the unbelievers."
    },
    {
      "verseNumber": 48,
      "verseString": "وَمَا كُنْتَ تَتْلُو مِنْ قَبْلِهِ مِنْ كِتَابٍ وَلَا تَخُطُّهُ بِيَمِينِكَ ۖ إِذًا لَارْتَابَ الْمُبْطِلُونَ",
      "verseStringB": "You did not read any scripture before this, nor did you write it with your hand. Otherwise, the falsifiers would have doubted."
    },
    {
      "verseNumber": 49,
      "verseString": "بَلْ هُوَ آيَاتٌ بَيِّنَاتٌ فِي صُدُورِ الَّذِينَ أُوتُوا الْعِلْمَ ۚ وَمَا يَجْحَدُ بِآيَاتِنَا إِلَّا الظَّالِمُونَ",
      "verseStringB": "In fact, it is clear signs in the hearts of those given knowledge. And none deny Our revelations except the wrongdoers."
    },
    {
      "verseNumber": 50,
      "verseString": "وَقَالُوا لَوْلَا أُنْزِلَ عَلَيْهِ آيَاتٌ مِنْ رَبِّهِ ۖ قُلْ إِنَّمَا الْآيَاتُ عِنْدَ اللَّهِ وَإِنَّمَا أَنَا نَذِيرٌ مُبِينٌ",
      "verseStringB": "And they say, “If only a miracle was sent down to him from his Lord.” Say, “The Miracles are only with Allah, and I am only a clear warner.”"
    },
    {
      "verseNumber": 51,
      "verseString": "أَوَلَمْ يَكْفِهِمْ أَنَّا أَنْزَلْنَا عَلَيْكَ الْكِتَابَ يُتْلَىٰ عَلَيْهِمْ ۚ إِنَّ فِي ذَٰلِكَ لَرَحْمَةً وَذِكْرَىٰ لِقَوْمٍ يُؤْمِنُونَ",
      "verseStringB": "Does it not suffice them that We revealed to you the Scripture, recited to them? Surely in this is mercy and a reminder for people who believe."
    },
    {
      "verseNumber": 52,
      "verseString": "قُلْ كَفَىٰ بِاللَّهِ بَيْنِي وَبَيْنَكُمْ شَهِيدًا ۖ يَعْلَمُ مَا فِي السَّمَاوَاتِ وَالْأَرْضِ ۗ وَالَّذِينَ آمَنُوا بِالْبَاطِلِ وَكَفَرُوا بِاللَّهِ أُولَٰئِكَ هُمُ الْخَاسِرُونَ",
      "verseStringB": "Say, “Allah suffices as a witness between you and me. He knows everything in the heavens and on earth. Those who believe in vanity and reject Allah—it is they who are the losers.”"
    },
    {
      "verseNumber": 53,
      "verseString": "وَيَسْتَعْجِلُونَكَ بِالْعَذَابِ ۚ وَلَوْلَا أَجَلٌ مُسَمًّى لَجَاءَهُمُ الْعَذَابُ وَلَيَأْتِيَنَّهُمْ بَغْتَةً وَهُمْ لَا يَشْعُرُونَ",
      "verseStringB": "And they challenge you to expedite the punishment. Were it not for a specified time, the punishment would have come to them. But it will come upon them suddenly, while they are unaware."
    },
    {
      "verseNumber": 54,
      "verseString": "يَسْتَعْجِلُونَكَ بِالْعَذَابِ وَإِنَّ جَهَنَّمَ لَمُحِيطَةٌ بِالْكَافِرِينَ",
      "verseStringB": "And they dare you to expedite the punishment. But Hell will engulf the disbelievers."
    },
    {
      "verseNumber": 55,
      "verseString": "يَوْمَ يَغْشَاهُمُ الْعَذَابُ مِنْ فَوْقِهِمْ وَمِنْ تَحْتِ أَرْجُلِهِمْ وَيَقُولُ ذُوقُوا مَا كُنْتُمْ تَعْمَلُونَ",
      "verseStringB": "On the Day when the punishment will overwhelm them: from above them, and from beneath their feet, and He will say, “Taste what you used to do!”"
    },
    {
      "verseNumber": 56,
      "verseString": "يَا عِبَادِيَ الَّذِينَ آمَنُوا إِنَّ أَرْضِي وَاسِعَةٌ فَإِيَّايَ فَاعْبُدُونِ",
      "verseStringB": "O My servants who have believed: My earth is vast, so worship only Me."
    },
    {
      "verseNumber": 57,
      "verseString": "كُلُّ نَفْسٍ ذَائِقَةُ الْمَوْتِ ۖ ثُمَّ إِلَيْنَا تُرْجَعُونَ",
      "verseStringB": "Every soul will taste death. Then to Us, you will be returned."
    },
    {
      "verseNumber": 58,
      "verseString": "وَالَّذِينَ آمَنُوا وَعَمِلُوا الصَّالِحَاتِ لَنُبَوِّئَنَّهُمْ مِنَ الْجَنَّةِ غُرَفًا تَجْرِي مِنْ تَحْتِهَا الْأَنْهَارُ خَالِدِينَ فِيهَا ۚ نِعْمَ أَجْرُ الْعَامِلِينَ",
      "verseStringB": "Those who believe and work righteousness—We will settle them in Paradise, in mansions under which rivers flow, to stay there forever. Excellent is the reward of the workers."
    },
    {
      "verseNumber": 59,
      "verseString": "الَّذِينَ صَبَرُوا وَعَلَىٰ رَبِّهِمْ يَتَوَكَّلُونَ",
      "verseStringB": "Those who endure patiently, and trust in their Lord."
    },
    {
      "verseNumber": 60,
      "verseString": "وَكَأَيِّنْ مِنْ دَابَّةٍ لَا تَحْمِلُ رِزْقَهَا اللَّهُ يَرْزُقُهَا وَإِيَّاكُمْ ۚ وَهُوَ السَّمِيعُ الْعَلِيمُ",
      "verseStringB": "How many a creature there is that does not carry its sustenance? Allah provides for them, and for you. He is the Hearer, the Knowledgeable."
    },
    {
      "verseNumber": 61,
      "verseString": "وَلَئِنْ سَأَلْتَهُمْ مَنْ خَلَقَ السَّمَاوَاتِ وَالْأَرْضَ وَسَخَّرَ الشَّمْسَ وَالْقَمَرَ لَيَقُولُنَّ اللَّهُ ۖ فَأَنَّىٰ يُؤْفَكُونَ",
      "verseStringB": "And if you asked them, “Who created the heavens and the earth, and regulated the sun and the moon?” They would say, “Allah.” Then why do they deviate?"
    },
    {
      "verseNumber": 62,
      "verseString": "اللَّهُ يَبْسُطُ الرِّزْقَ لِمَنْ يَشَاءُ مِنْ عِبَادِهِ وَيَقْدِرُ لَهُ ۚ إِنَّ اللَّهَ بِكُلِّ شَيْءٍ عَلِيمٌ",
      "verseStringB": "Allah outspreads the provision to whomever He wills of His servants, and He restricts it. Allah is Cognizant of all things."
    },
    {
      "verseNumber": 63,
      "verseString": "وَلَئِنْ سَأَلْتَهُمْ مَنْ نَزَّلَ مِنَ السَّمَاءِ مَاءً فَأَحْيَا بِهِ الْأَرْضَ مِنْ بَعْدِ مَوْتِهَا لَيَقُولُنَّ اللَّهُ ۚ قُلِ الْحَمْدُ لِلَّهِ ۚ بَلْ أَكْثَرُهُمْ لَا يَعْقِلُونَ",
      "verseStringB": "And if you asked them, “Who sends water down from the sky, with which He revives the earth after its death?” They would say, “Allah.” Say, “Praise be to Allah.” But most of them do not think."
    },
    {
      "verseNumber": 64,
      "verseString": "وَمَا هَٰذِهِ الْحَيَاةُ الدُّنْيَا إِلَّا لَهْوٌ وَلَعِبٌ ۚ وَإِنَّ الدَّارَ الْآخِرَةَ لَهِيَ الْحَيَوَانُ ۚ لَوْ كَانُوا يَعْلَمُونَ",
      "verseStringB": "This worldly life is nothing but diversion and play. But the Home of the Hereafter is the Real Life—if they only knew."
    },
    {
      "verseNumber": 65,
      "verseString": "فَإِذَا رَكِبُوا فِي الْفُلْكِ دَعَوُا اللَّهَ مُخْلِصِينَ لَهُ الدِّينَ فَلَمَّا نَجَّاهُمْ إِلَى الْبَرِّ إِذَا هُمْ يُشْرِكُونَ",
      "verseStringB": "When they embark on a vessel, they pray to Allah, devoting their faith to Him. But once He has delivered them safely to land, they attribute partners to Him."
    },
    {
      "verseNumber": 66,
      "verseString": "لِيَكْفُرُوا بِمَا آتَيْنَاهُمْ وَلِيَتَمَتَّعُوا ۖ فَسَوْفَ يَعْلَمُونَ",
      "verseStringB": "To be ungrateful for what We have given them, and to enjoy themselves. They will come to know."
    },
    {
      "verseNumber": 67,
      "verseString": "أَوَلَمْ يَرَوْا أَنَّا جَعَلْنَا حَرَمًا آمِنًا وَيُتَخَطَّفُ النَّاسُ مِنْ حَوْلِهِمْ ۚ أَفَبِالْبَاطِلِ يُؤْمِنُونَ وَبِنِعْمَةِ اللَّهِ يَكْفُرُونَ",
      "verseStringB": "Do they not see how We established a Secure Sanctuary, while all around them people are being carried away? Do they believe in falsehood and reject Allah’s blessings?"
    },
    {
      "verseNumber": 68,
      "verseString": "وَمَنْ أَظْلَمُ مِمَّنِ افْتَرَىٰ عَلَى اللَّهِ كَذِبًا أَوْ كَذَّبَ بِالْحَقِّ لَمَّا جَاءَهُ ۚ أَلَيْسَ فِي جَهَنَّمَ مَثْوًى لِلْكَافِرِينَ",
      "verseStringB": "Who is more unjust than he who fabricates lies and attributes them to Allah, or calls the truth a lie when it has come to him? Is there not in Hell a dwelling for the blasphemers?"
    },
    {
      "verseNumber": 69,
      "verseString": "وَالَّذِينَ جَاهَدُوا فِينَا لَنَهْدِيَنَّهُمْ سُبُلَنَا ۚ وَإِنَّ اللَّهَ لَمَعَ الْمُحْسِنِينَ",
      "verseStringB": "And as for those who strive for Us: We will guide them in Our ways. And Allah is with the doers of good."
    }
  ],
  "nameEnglish": "The Spider",
  "nameTrans": "al-'Ankabut",
  "nameArabic": "العنكبوت",
  "chapterNumber": 29,
  "nVerses": 69
}