{
  "verses": [
    {
      "verseNumber": 0,
      "verseString": "بِسْمِ اللَّهِ الرَّحْمَٰنِ الرَّحِيمِ",
      "verseStringB": "In the name of Allah, the Compassionate, the Merciful."
    },
    {
      "verseNumber": 1,
      "verseString": "الم",
      "verseStringB": "Alif. Lam. Meem."
    },
    {
      "verseNumber": 2,
      "verseString": "تِلْكَ آيَاتُ الْكِتَابِ الْحَكِيمِ",
      "verseStringB": "These are the Signs of the Wise Book."
    },
    {
      "verseNumber": 3,
      "verseString": "هُدًى وَرَحْمَةً لِلْمُحْسِنِينَ",
      "verseStringB": "Guidance and mercy for the good-doers."
    },
    {
      "verseNumber": 4,
      "verseString": "الَّذِينَ يُقِيمُونَ الصَّلَاةَ وَيُؤْتُونَ الزَّكَاةَ وَهُمْ بِالْآخِرَةِ هُمْ يُوقِنُونَ",
      "verseStringB": "Those who perform the prayer, and give the purifying charity, and are certain of the Hereafter."
    },
    {
      "verseNumber": 5,
      "verseString": "أُولَٰئِكَ عَلَىٰ هُدًى مِنْ رَبِّهِمْ ۖ وَأُولَٰئِكَ هُمُ الْمُفْلِحُونَ",
      "verseStringB": "These are upon guidance from their Lord. These are the successful."
    },
    {
      "verseNumber": 6,
      "verseString": "وَمِنَ النَّاسِ مَنْ يَشْتَرِي لَهْوَ الْحَدِيثِ لِيُضِلَّ عَنْ سَبِيلِ اللَّهِ بِغَيْرِ عِلْمٍ وَيَتَّخِذَهَا هُزُوًا ۚ أُولَٰئِكَ لَهُمْ عَذَابٌ مُهِينٌ",
      "verseStringB": "And among the people is he who trades in distracting tales; intending, without knowledge, to lead away from Allah’s way, and to make a mockery of it. These will have a humiliating punishment."
    },
    {
      "verseNumber": 7,
      "verseString": "وَإِذَا تُتْلَىٰ عَلَيْهِ آيَاتُنَا وَلَّىٰ مُسْتَكْبِرًا كَأَنْ لَمْ يَسْمَعْهَا كَأَنَّ فِي أُذُنَيْهِ وَقْرًا ۖ فَبَشِّرْهُ بِعَذَابٍ أَلِيمٍ",
      "verseStringB": "And when Our Verses are recited to him, he turns away in pride, as though he did not hear them, as though there is deafness in his ears. So inform him of a painful punishment."
    },
    {
      "verseNumber": 8,
      "verseString": "إِنَّ الَّذِينَ آمَنُوا وَعَمِلُوا الصَّالِحَاتِ لَهُمْ جَنَّاتُ النَّعِيمِ",
      "verseStringB": "As for those who believe and do good deeds—for them are the Gardens of Bliss."
    },
    {
      "verseNumber": 9,
      "verseString": "خَالِدِينَ فِيهَا ۖ وَعْدَ اللَّهِ حَقًّا ۚ وَهُوَ الْعَزِيزُ الْحَكِيمُ",
      "verseStringB": "Where they will remain forever. The promise of Allah is true. He is the Mighty, the Wise."
    },
    {
      "verseNumber": 10,
      "verseString": "خَلَقَ السَّمَاوَاتِ بِغَيْرِ عَمَدٍ تَرَوْنَهَا ۖ وَأَلْقَىٰ فِي الْأَرْضِ رَوَاسِيَ أَنْ تَمِيدَ بِكُمْ وَبَثَّ فِيهَا مِنْ كُلِّ دَابَّةٍ ۚ وَأَنْزَلْنَا مِنَ السَّمَاءِ مَاءً فَأَنْبَتْنَا فِيهَا مِنْ كُلِّ زَوْجٍ كَرِيمٍ",
      "verseStringB": "He created the heavens without pillars that you see, and He placed stabilizers on earth lest it shakes with you, and He scattered throughout it every kind of creature. And We sent down water from the sky, and We caused every noble pair to grow therein."
    },
    {
      "verseNumber": 11,
      "verseString": "هَٰذَا خَلْقُ اللَّهِ فَأَرُونِي مَاذَا خَلَقَ الَّذِينَ مِنْ دُونِهِ ۚ بَلِ الظَّالِمُونَ فِي ضَلَالٍ مُبِينٍ",
      "verseStringB": "This is Allah’s creation. Now show me what those besides Him created. In fact, the unjust are clearly lost."
    },
    {
      "verseNumber": 12,
      "verseString": "وَلَقَدْ آتَيْنَا لُقْمَانَ الْحِكْمَةَ أَنِ اشْكُرْ لِلَّهِ ۚ وَمَنْ يَشْكُرْ فَإِنَّمَا يَشْكُرُ لِنَفْسِهِ ۖ وَمَنْ كَفَرَ فَإِنَّ اللَّهَ غَنِيٌّ حَمِيدٌ",
      "verseStringB": "We endowed Luqman with wisdom: “Be thankful to Allah.” Whoever is appreciative—is appreciative for the benefit of his own soul. And whoever is unappreciative—Allah is Self-Sufficient, Praiseworthy."
    },
    {
      "verseNumber": 13,
      "verseString": "وَإِذْ قَالَ لُقْمَانُ لِابْنِهِ وَهُوَ يَعِظُهُ يَا بُنَيَّ لَا تُشْرِكْ بِاللَّهِ ۖ إِنَّ الشِّرْكَ لَظُلْمٌ عَظِيمٌ",
      "verseStringB": "When Luqman said to his son, as he advised him, “O my son! Do not associate with Allah—idolatry is a terrible wrong.”"
    },
    {
      "verseNumber": 14,
      "verseString": "وَوَصَّيْنَا الْإِنْسَانَ بِوَالِدَيْهِ حَمَلَتْهُ أُمُّهُ وَهْنًا عَلَىٰ وَهْنٍ وَفِصَالُهُ فِي عَامَيْنِ أَنِ اشْكُرْ لِي وَلِوَالِدَيْكَ إِلَيَّ الْمَصِيرُ",
      "verseStringB": "And We entrusted the human being with the care of his parents. His mother carried him through hardship upon hardship, and his weaning takes two years. So give thanks to Me, and to your parents. To Me is the destination."
    },
    {
      "verseNumber": 15,
      "verseString": "وَإِنْ جَاهَدَاكَ عَلَىٰ أَنْ تُشْرِكَ بِي مَا لَيْسَ لَكَ بِهِ عِلْمٌ فَلَا تُطِعْهُمَا ۖ وَصَاحِبْهُمَا فِي الدُّنْيَا مَعْرُوفًا ۖ وَاتَّبِعْ سَبِيلَ مَنْ أَنَابَ إِلَيَّ ۚ ثُمَّ إِلَيَّ مَرْجِعُكُمْ فَأُنَبِّئُكُمْ بِمَا كُنْتُمْ تَعْمَلُونَ",
      "verseStringB": "But if they pressure you to associate with Me what you have no knowledge of, do not obey them. But keep them company in this life, in kindness, and follow the path of him who turns to Me. Then to Me is your return, and I will inform you of what you used to do."
    },
    {
      "verseNumber": 16,
      "verseString": "يَا بُنَيَّ إِنَّهَا إِنْ تَكُ مِثْقَالَ حَبَّةٍ مِنْ خَرْدَلٍ فَتَكُنْ فِي صَخْرَةٍ أَوْ فِي السَّمَاوَاتِ أَوْ فِي الْأَرْضِ يَأْتِ بِهَا اللَّهُ ۚ إِنَّ اللَّهَ لَطِيفٌ خَبِيرٌ",
      "verseStringB": "“O, my son. Even if it were the weight of a mustard seed, in a rock, or in the skies, or on earth, Allah will bring it to light. Allah is Kind and Expert."
    },
    {
      "verseNumber": 17,
      "verseString": "يَا بُنَيَّ أَقِمِ الصَّلَاةَ وَأْمُرْ بِالْمَعْرُوفِ وَانْهَ عَنِ الْمُنْكَرِ وَاصْبِرْ عَلَىٰ مَا أَصَابَكَ ۖ إِنَّ ذَٰلِكَ مِنْ عَزْمِ الْأُمُورِ",
      "verseStringB": "O, my son. Perform the prayer, advocate righteousness, forbid evil, and be patient over what has befallen you. This is a course worthy of resolve."
    },
    {
      "verseNumber": 18,
      "verseString": "وَلَا تُصَعِّرْ خَدَّكَ لِلنَّاسِ وَلَا تَمْشِ فِي الْأَرْضِ مَرَحًا ۖ إِنَّ اللَّهَ لَا يُحِبُّ كُلَّ مُخْتَالٍ فَخُورٍ",
      "verseStringB": "And do not treat people with arrogance, nor walk proudly on earth. Allah does not love the arrogant showoffs."
    },
    {
      "verseNumber": 19,
      "verseString": "وَاقْصِدْ فِي مَشْيِكَ وَاغْضُضْ مِنْ صَوْتِكَ ۚ إِنَّ أَنْكَرَ الْأَصْوَاتِ لَصَوْتُ الْحَمِيرِ",
      "verseStringB": "And moderate your stride, and lower your voice. The most repulsive of voices is the donkey’s voice.”"
    },
    {
      "verseNumber": 20,
      "verseString": "أَلَمْ تَرَوْا أَنَّ اللَّهَ سَخَّرَ لَكُمْ مَا فِي السَّمَاوَاتِ وَمَا فِي الْأَرْضِ وَأَسْبَغَ عَلَيْكُمْ نِعَمَهُ ظَاهِرَةً وَبَاطِنَةً ۗ وَمِنَ النَّاسِ مَنْ يُجَادِلُ فِي اللَّهِ بِغَيْرِ عِلْمٍ وَلَا هُدًى وَلَا كِتَابٍ مُنِيرٍ",
      "verseStringB": "Do you not see how Allah placed at your service everything in the heavens and the earth? How He showered you with His blessings, both outward and inward? Yet among the people is he who argues about Allah without knowledge, without guidance, and without an enlightening Scripture."
    },
    {
      "verseNumber": 21,
      "verseString": "وَإِذَا قِيلَ لَهُمُ اتَّبِعُوا مَا أَنْزَلَ اللَّهُ قَالُوا بَلْ نَتَّبِعُ مَا وَجَدْنَا عَلَيْهِ آبَاءَنَا ۚ أَوَلَوْ كَانَ الشَّيْطَانُ يَدْعُوهُمْ إِلَىٰ عَذَابِ السَّعِيرِ",
      "verseStringB": "And when it is said to them, “Follow what Allah revealed,” they say, “Rather, we follow what we found our parents following.” Even if Satan is calling them to the suffering of the Blaze?"
    },
    {
      "verseNumber": 22,
      "verseString": "وَمَنْ يُسْلِمْ وَجْهَهُ إِلَى اللَّهِ وَهُوَ مُحْسِنٌ فَقَدِ اسْتَمْسَكَ بِالْعُرْوَةِ الْوُثْقَىٰ ۗ وَإِلَى اللَّهِ عَاقِبَةُ الْأُمُورِ",
      "verseStringB": "Whoever submits himself fully to Allah, and is a doer of good, has grasped the most trustworthy handle. And with Allah rests the outcome of events."
    },
    {
      "verseNumber": 23,
      "verseString": "وَمَنْ كَفَرَ فَلَا يَحْزُنْكَ كُفْرُهُ ۚ إِلَيْنَا مَرْجِعُهُمْ فَنُنَبِّئُهُمْ بِمَا عَمِلُوا ۚ إِنَّ اللَّهَ عَلِيمٌ بِذَاتِ الصُّدُورِ",
      "verseStringB": "Whoever disbelieves—let not his disbelief sadden you. To Us is their return, then We will inform them of what they did. Allah knows what is within the hearts."
    },
    {
      "verseNumber": 24,
      "verseString": "نُمَتِّعُهُمْ قَلِيلًا ثُمَّ نَضْطَرُّهُمْ إِلَىٰ عَذَابٍ غَلِيظٍ",
      "verseStringB": "We give them a little comfort; then We compel them to a harsh torment."
    },
    {
      "verseNumber": 25,
      "verseString": "وَلَئِنْ سَأَلْتَهُمْ مَنْ خَلَقَ السَّمَاوَاتِ وَالْأَرْضَ لَيَقُولُنَّ اللَّهُ ۚ قُلِ الْحَمْدُ لِلَّهِ ۚ بَلْ أَكْثَرُهُمْ لَا يَعْلَمُونَ",
      "verseStringB": "And if you ask them, “Who created the heavens and the earth?” They will say, “Allah.” Say, “Praise be to Allah.” But most of them do not know."
    },
    {
      "verseNumber": 26,
      "verseString": "لِلَّهِ مَا فِي السَّمَاوَاتِ وَالْأَرْضِ ۚ إِنَّ اللَّهَ هُوَ الْغَنِيُّ الْحَمِيدُ",
      "verseStringB": "To Allah belongs everything in the heavens and on earth. Allah is the Rich, the Praiseworthy."
    },
    {
      "verseNumber": 27,
      "verseString": "وَلَوْ أَنَّمَا فِي الْأَرْضِ مِنْ شَجَرَةٍ أَقْلَامٌ وَالْبَحْرُ يَمُدُّهُ مِنْ بَعْدِهِ سَبْعَةُ أَبْحُرٍ مَا نَفِدَتْ كَلِمَاتُ اللَّهِ ۗ إِنَّ اللَّهَ عَزِيزٌ حَكِيمٌ",
      "verseStringB": "If all the trees on earth were pens, filled by the ocean, with seven more oceans besides: Allah’s Words would not run out. Allah is Majestic and Wise."
    },
    {
      "verseNumber": 28,
      "verseString": "مَا خَلْقُكُمْ وَلَا بَعْثُكُمْ إِلَّا كَنَفْسٍ وَاحِدَةٍ ۗ إِنَّ اللَّهَ سَمِيعٌ بَصِيرٌ",
      "verseStringB": "Your creation and your resurrection are only as a single soul. Allah is Hearing and Seeing."
    },
    {
      "verseNumber": 29,
      "verseString": "أَلَمْ تَرَ أَنَّ اللَّهَ يُولِجُ اللَّيْلَ فِي النَّهَارِ وَيُولِجُ النَّهَارَ فِي اللَّيْلِ وَسَخَّرَ الشَّمْسَ وَالْقَمَرَ كُلٌّ يَجْرِي إِلَىٰ أَجَلٍ مُسَمًّى وَأَنَّ اللَّهَ بِمَا تَعْمَلُونَ خَبِيرٌ",
      "verseStringB": "Have you not seen how Allah merges the night into the day, and merges the day into the night? And that He subjected the sun and the moon, each orbiting for a stated term? And that Allah is Cognizant of everything you do?"
    },
    {
      "verseNumber": 30,
      "verseString": "ذَٰلِكَ بِأَنَّ اللَّهَ هُوَ الْحَقُّ وَأَنَّ مَا يَدْعُونَ مِنْ دُونِهِ الْبَاطِلُ وَأَنَّ اللَّهَ هُوَ الْعَلِيُّ الْكَبِيرُ",
      "verseStringB": "That is because Allah is the Truth, and what they call upon besides Him is falsehood; and Allah is the Superior, the Great."
    },
    {
      "verseNumber": 31,
      "verseString": "أَلَمْ تَرَ أَنَّ الْفُلْكَ تَجْرِي فِي الْبَحْرِ بِنِعْمَتِ اللَّهِ لِيُرِيَكُمْ مِنْ آيَاتِهِ ۚ إِنَّ فِي ذَٰلِكَ لَآيَاتٍ لِكُلِّ صَبَّارٍ شَكُورٍ",
      "verseStringB": "Have you not seen how the ships sail through the sea, by the grace of Allah, to show you of His wonders? In this are signs for every patient, thankful person."
    },
    {
      "verseNumber": 32,
      "verseString": "وَإِذَا غَشِيَهُمْ مَوْجٌ كَالظُّلَلِ دَعَوُا اللَّهَ مُخْلِصِينَ لَهُ الدِّينَ فَلَمَّا نَجَّاهُمْ إِلَى الْبَرِّ فَمِنْهُمْ مُقْتَصِدٌ ۚ وَمَا يَجْحَدُ بِآيَاتِنَا إِلَّا كُلُّ خَتَّارٍ كَفُورٍ",
      "verseStringB": "And when waves, like canopies, cover them, they call upon Allah, sincere in their devotion to Him. But when He delivers them safely to land, some of them waver. None denies Our revelations except the ungrateful traitor."
    },
    {
      "verseNumber": 33,
      "verseString": "يَا أَيُّهَا النَّاسُ اتَّقُوا رَبَّكُمْ وَاخْشَوْا يَوْمًا لَا يَجْزِي وَالِدٌ عَنْ وَلَدِهِ وَلَا مَوْلُودٌ هُوَ جَازٍ عَنْ وَالِدِهِ شَيْئًا ۚ إِنَّ وَعْدَ اللَّهِ حَقٌّ ۖ فَلَا تَغُرَّنَّكُمُ الْحَيَاةُ الدُّنْيَا وَلَا يَغُرَّنَّكُمْ بِاللَّهِ الْغَرُورُ",
      "verseStringB": "O, people! Be conscious of your Lord, and beware of a Day when no parent can avail his child, nor can a child avail his parent, in anything. The promise of Allah is true. So let not this life deceive you, and let not the Deceiver deceive you about Allah."
    },
    {
      "verseNumber": 34,
      "verseString": "إِنَّ اللَّهَ عِنْدَهُ عِلْمُ السَّاعَةِ وَيُنَزِّلُ الْغَيْثَ وَيَعْلَمُ مَا فِي الْأَرْحَامِ ۖ وَمَا تَدْرِي نَفْسٌ مَاذَا تَكْسِبُ غَدًا ۖ وَمَا تَدْرِي نَفْسٌ بِأَيِّ أَرْضٍ تَمُوتُ ۚ إِنَّ اللَّهَ عَلِيمٌ خَبِيرٌ",
      "verseStringB": "With Allah rests knowledge of the Hour. He sends down the rain, and He knows what the wombs contain. No soul knows what it will earn tomorrow, and no soul knows in what land it will die. Allah is All-Knowing, Well-Informed."
    }
  ],
  "nameEnglish": "Luqman",
  "nameTrans": "Luqman",
  "nameArabic": "لقمان",
  "chapterNumber": 31,
  "nVerses": 34
}