{
  "verses": [
    {
      "verseNumber": 0,
      "verseString": "بِسْمِ اللَّهِ الرَّحْمَٰنِ الرَّحِيمِ",
      "verseStringB": "In the name of Allah, the Compassionate, the Merciful."
    },
    {
      "verseNumber": 1,
      "verseString": "الم",
      "verseStringB": "Alif. Lam. Meem."
    },
    {
      "verseNumber": 2,
      "verseString": "تَنْزِيلُ الْكِتَابِ لَا رَيْبَ فِيهِ مِنْ رَبِّ الْعَالَمِينَ",
      "verseStringB": "The revelation of the Book, in which there is no doubt, is from the Lord of the Universe."
    },
    {
      "verseNumber": 3,
      "verseString": "أَمْ يَقُولُونَ افْتَرَاهُ ۚ بَلْ هُوَ الْحَقُّ مِنْ رَبِّكَ لِتُنْذِرَ قَوْمًا مَا أَتَاهُمْ مِنْ نَذِيرٍ مِنْ قَبْلِكَ لَعَلَّهُمْ يَهْتَدُونَ",
      "verseStringB": "Or do they say, “He made it up.” In fact, it is the Truth from your Lord, to warn a people who received no warner before you, so they may be guided."
    },
    {
      "verseNumber": 4,
      "verseString": "اللَّهُ الَّذِي خَلَقَ السَّمَاوَاتِ وَالْأَرْضَ وَمَا بَيْنَهُمَا فِي سِتَّةِ أَيَّامٍ ثُمَّ اسْتَوَىٰ عَلَى الْعَرْشِ ۖ مَا لَكُمْ مِنْ دُونِهِ مِنْ وَلِيٍّ وَلَا شَفِيعٍ ۚ أَفَلَا تَتَذَكَّرُونَ",
      "verseStringB": "Allah is He Who created the heavens and the earth and everything between them in six stages, then settled on the throne. Apart from Him, you have neither protector nor intercessor. Will you not reflect?"
    },
    {
      "verseNumber": 5,
      "verseString": "يُدَبِّرُ الْأَمْرَ مِنَ السَّمَاءِ إِلَى الْأَرْضِ ثُمَّ يَعْرُجُ إِلَيْهِ فِي يَوْمٍ كَانَ مِقْدَارُهُ أَلْفَ سَنَةٍ مِمَّا تَعُدُّونَ",
      "verseStringB": "He conducts every affair from the heavens to the earth. Then it ascends to Him on a Day whose duration is a thousand years by your counting."
    },
    {
      "verseNumber": 6,
      "verseString": "ذَٰلِكَ عَالِمُ الْغَيْبِ وَالشَّهَادَةِ الْعَزِيزُ الرَّحِيمُ",
      "verseStringB": "That is the Knower of the Invisible and the Visible, the Powerful, the Merciful."
    },
    {
      "verseNumber": 7,
      "verseString": "الَّذِي أَحْسَنَ كُلَّ شَيْءٍ خَلَقَهُ ۖ وَبَدَأَ خَلْقَ الْإِنْسَانِ مِنْ طِينٍ",
      "verseStringB": "He who perfected everything He created; and originated the creation of the human being from clay."
    },
    {
      "verseNumber": 8,
      "verseString": "ثُمَّ جَعَلَ نَسْلَهُ مِنْ سُلَالَةٍ مِنْ مَاءٍ مَهِينٍ",
      "verseStringB": "Then He made his reproduction from an extract of a common fluid."
    },
    {
      "verseNumber": 9,
      "verseString": "ثُمَّ سَوَّاهُ وَنَفَخَ فِيهِ مِنْ رُوحِهِ ۖ وَجَعَلَ لَكُمُ السَّمْعَ وَالْأَبْصَارَ وَالْأَفْئِدَةَ ۚ قَلِيلًا مَا تَشْكُرُونَ",
      "verseStringB": "Then He proportioned him, and He breathed into him of His Spirit. Then He gave you the hearing, and the eyesight, and the brains—but rarely do you give thanks."
    },
    {
      "verseNumber": 10,
      "verseString": "وَقَالُوا أَإِذَا ضَلَلْنَا فِي الْأَرْضِ أَإِنَّا لَفِي خَلْقٍ جَدِيدٍ ۚ بَلْ هُمْ بِلِقَاءِ رَبِّهِمْ كَافِرُونَ",
      "verseStringB": "And they say, “When we are lost into the earth, will we be in a new creation?” In fact, they are in denial of the meeting with their Lord."
    },
    {
      "verseNumber": 11,
      "verseString": "قُلْ يَتَوَفَّاكُمْ مَلَكُ الْمَوْتِ الَّذِي وُكِّلَ بِكُمْ ثُمَّ إِلَىٰ رَبِّكُمْ تُرْجَعُونَ",
      "verseStringB": "Say, “The angel of death put in charge of you will retrieve you. Then to your Lord, you will be returned.”"
    },
    {
      "verseNumber": 12,
      "verseString": "وَلَوْ تَرَىٰ إِذِ الْمُجْرِمُونَ نَاكِسُو رُءُوسِهِمْ عِنْدَ رَبِّهِمْ رَبَّنَا أَبْصَرْنَا وَسَمِعْنَا فَارْجِعْنَا نَعْمَلْ صَالِحًا إِنَّا مُوقِنُونَ",
      "verseStringB": "If only you could see the guilty, bowing their heads before their Lord: “Our Lord, we have seen, and we have heard, so send us back, and we will act righteously; we are now convinced.”"
    },
    {
      "verseNumber": 13,
      "verseString": "وَلَوْ شِئْنَا لَآتَيْنَا كُلَّ نَفْسٍ هُدَاهَا وَلَٰكِنْ حَقَّ الْقَوْلُ مِنِّي لَأَمْلَأَنَّ جَهَنَّمَ مِنَ الْجِنَّةِ وَالنَّاسِ أَجْمَعِينَ",
      "verseStringB": "Had We willed, We could have given every soul its guidance. But the declaration from Me will come true: “I will fill Hell with jinn and humans, all together.”"
    },
    {
      "verseNumber": 14,
      "verseString": "فَذُوقُوا بِمَا نَسِيتُمْ لِقَاءَ يَوْمِكُمْ هَٰذَا إِنَّا نَسِينَاكُمْ ۖ وَذُوقُوا عَذَابَ الْخُلْدِ بِمَا كُنْتُمْ تَعْمَلُونَ",
      "verseStringB": "So taste, because you ignored the meeting of this Day of yours. We will ignore you. And taste the eternal suffering for what you used to do."
    },
    {
      "verseNumber": 15,
      "verseString": "إِنَّمَا يُؤْمِنُ بِآيَاتِنَا الَّذِينَ إِذَا ذُكِّرُوا بِهَا خَرُّوا سُجَّدًا وَسَبَّحُوا بِحَمْدِ رَبِّهِمْ وَهُمْ لَا يَسْتَكْبِرُونَ ۩",
      "verseStringB": "They believe in Our communications, those who, when reminded of them, fall down in prostration, and glorify their Lord with praise, and they are not proud."
    },
    {
      "verseNumber": 16,
      "verseString": "تَتَجَافَىٰ جُنُوبُهُمْ عَنِ الْمَضَاجِعِ يَدْعُونَ رَبَّهُمْ خَوْفًا وَطَمَعًا وَمِمَّا رَزَقْنَاهُمْ يُنْفِقُونَ",
      "verseStringB": "Their sides shun their beds, as they pray to their Lord, out of reverence and hope; and from Our provisions to them, they give."
    },
    {
      "verseNumber": 17,
      "verseString": "فَلَا تَعْلَمُ نَفْسٌ مَا أُخْفِيَ لَهُمْ مِنْ قُرَّةِ أَعْيُنٍ جَزَاءً بِمَا كَانُوا يَعْمَلُونَ",
      "verseStringB": "No soul knows what eye’s delight is kept hidden for it—a reward for what they used to do."
    },
    {
      "verseNumber": 18,
      "verseString": "أَفَمَنْ كَانَ مُؤْمِنًا كَمَنْ كَانَ فَاسِقًا ۚ لَا يَسْتَوُونَ",
      "verseStringB": "Is someone who is faithful like someone who is sinful? They are not equal."
    },
    {
      "verseNumber": 19,
      "verseString": "أَمَّا الَّذِينَ آمَنُوا وَعَمِلُوا الصَّالِحَاتِ فَلَهُمْ جَنَّاتُ الْمَأْوَىٰ نُزُلًا بِمَا كَانُوا يَعْمَلُونَ",
      "verseStringB": "As for those who believe and do righteous deeds: for them are the Gardens of Shelter—hospitality for what they used to do."
    },
    {
      "verseNumber": 20,
      "verseString": "وَأَمَّا الَّذِينَ فَسَقُوا فَمَأْوَاهُمُ النَّارُ ۖ كُلَّمَا أَرَادُوا أَنْ يَخْرُجُوا مِنْهَا أُعِيدُوا فِيهَا وَقِيلَ لَهُمْ ذُوقُوا عَذَابَ النَّارِ الَّذِي كُنْتُمْ بِهِ تُكَذِّبُونَ",
      "verseStringB": "But as for those who were disobedient: their housing is the Fire. Whenever they try to escape from it, they will be forced back into it, and it will be said to them, “Taste the suffering of the Fire which you used to deny.”"
    },
    {
      "verseNumber": 21,
      "verseString": "وَلَنُذِيقَنَّهُمْ مِنَ الْعَذَابِ الْأَدْنَىٰ دُونَ الْعَذَابِ الْأَكْبَرِ لَعَلَّهُمْ يَرْجِعُونَ",
      "verseStringB": "We will make them taste the lesser torment, prior to the greater torment, so that they may return."
    },
    {
      "verseNumber": 22,
      "verseString": "وَمَنْ أَظْلَمُ مِمَّنْ ذُكِّرَ بِآيَاتِ رَبِّهِ ثُمَّ أَعْرَضَ عَنْهَا ۚ إِنَّا مِنَ الْمُجْرِمِينَ مُنْتَقِمُونَ",
      "verseStringB": "And who is more unjust than he, who, when reminded of his Lord’s revelations, turns away from them? We will wreak vengeance upon the guilty."
    },
    {
      "verseNumber": 23,
      "verseString": "وَلَقَدْ آتَيْنَا مُوسَى الْكِتَابَ فَلَا تَكُنْ فِي مِرْيَةٍ مِنْ لِقَائِهِ ۖ وَجَعَلْنَاهُ هُدًى لِبَنِي إِسْرَائِيلَ",
      "verseStringB": "We gave Moses the Book—so be in no doubt regarding His encounter—and We made it a guide for the Children of Israel."
    },
    {
      "verseNumber": 24,
      "verseString": "وَجَعَلْنَا مِنْهُمْ أَئِمَّةً يَهْدُونَ بِأَمْرِنَا لَمَّا صَبَرُوا ۖ وَكَانُوا بِآيَاتِنَا يُوقِنُونَ",
      "verseStringB": "And We appointed leaders from among them, who guided by Our command, as long as they persevered and were certain of Our communications."
    },
    {
      "verseNumber": 25,
      "verseString": "إِنَّ رَبَّكَ هُوَ يَفْصِلُ بَيْنَهُمْ يَوْمَ الْقِيَامَةِ فِيمَا كَانُوا فِيهِ يَخْتَلِفُونَ",
      "verseStringB": "Your Lord will judge between them on the Day of Resurrection regarding their disagreements."
    },
    {
      "verseNumber": 26,
      "verseString": "أَوَلَمْ يَهْدِ لَهُمْ كَمْ أَهْلَكْنَا مِنْ قَبْلِهِمْ مِنَ الْقُرُونِ يَمْشُونَ فِي مَسَاكِنِهِمْ ۚ إِنَّ فِي ذَٰلِكَ لَآيَاتٍ ۖ أَفَلَا يَسْمَعُونَ",
      "verseStringB": "Does it not serve as guidance for them, how many generations We destroyed before them, in whose dwellings they walk? Surely in this are signs. Do they not listen?"
    },
    {
      "verseNumber": 27,
      "verseString": "أَوَلَمْ يَرَوْا أَنَّا نَسُوقُ الْمَاءَ إِلَى الْأَرْضِ الْجُرُزِ فَنُخْرِجُ بِهِ زَرْعًا تَأْكُلُ مِنْهُ أَنْعَامُهُمْ وَأَنْفُسُهُمْ ۖ أَفَلَا يُبْصِرُونَ",
      "verseStringB": "Do they not see how We conduct the water to dry land, and with it, We produce vegetation, from which their livestock eat, and themselves? Do they not see?"
    },
    {
      "verseNumber": 28,
      "verseString": "وَيَقُولُونَ مَتَىٰ هَٰذَا الْفَتْحُ إِنْ كُنْتُمْ صَادِقِينَ",
      "verseStringB": "And they say, “When is this victory—if you are truthful?”"
    },
    {
      "verseNumber": 29,
      "verseString": "قُلْ يَوْمَ الْفَتْحِ لَا يَنْفَعُ الَّذِينَ كَفَرُوا إِيمَانُهُمْ وَلَا هُمْ يُنْظَرُونَ",
      "verseStringB": "Say, “On the day of victory, faith will not benefit those who disbelieved; nor will they be granted amnesty.”"
    },
    {
      "verseNumber": 30,
      "verseString": "فَأَعْرِضْ عَنْهُمْ وَانْتَظِرْ إِنَّهُمْ مُنْتَظِرُونَ",
      "verseStringB": "So turn away from them, and wait. They too are waiting."
    }
  ],
  "nameEnglish": "Prostration",
  "nameTrans": "as-Sajdah",
  "nameArabic": "السجدة",
  "chapterNumber": 32,
  "nVerses": 30
}