{
  "verses": [
    {
      "verseNumber": 0,
      "verseString": "بِسْمِ اللَّهِ الرَّحْمَٰنِ الرَّحِيمِ",
      "verseStringB": "In the name of Allah, the Compassionate, the Merciful."
    },
    {
      "verseNumber": 1,
      "verseString": "حم",
      "verseStringB": "Ha. Meem."
    },
    {
      "verseNumber": 2,
      "verseString": "تَنْزِيلُ الْكِتَابِ مِنَ اللَّهِ الْعَزِيزِ الْعَلِيمِ",
      "verseStringB": "The sending down of the Scripture is from Allah the Almighty, the All-Knowing."
    },
    {
      "verseNumber": 3,
      "verseString": "غَافِرِ الذَّنْبِ وَقَابِلِ التَّوْبِ شَدِيدِ الْعِقَابِ ذِي الطَّوْلِ ۖ لَا إِلَٰهَ إِلَّا هُوَ ۖ إِلَيْهِ الْمَصِيرُ",
      "verseStringB": "Forgiver of sins, Acceptor of repentance, Severe in punishment, Infinite in bounty. There is no god except He. To Him is the final return."
    },
    {
      "verseNumber": 4,
      "verseString": "مَا يُجَادِلُ فِي آيَاتِ اللَّهِ إِلَّا الَّذِينَ كَفَرُوا فَلَا يَغْرُرْكَ تَقَلُّبُهُمْ فِي الْبِلَادِ",
      "verseStringB": "None argues against Allah’s revelations except those who disbelieve. So be not impressed by their activities in the land."
    },
    {
      "verseNumber": 5,
      "verseString": "كَذَّبَتْ قَبْلَهُمْ قَوْمُ نُوحٍ وَالْأَحْزَابُ مِنْ بَعْدِهِمْ ۖ وَهَمَّتْ كُلُّ أُمَّةٍ بِرَسُولِهِمْ لِيَأْخُذُوهُ ۖ وَجَادَلُوا بِالْبَاطِلِ لِيُدْحِضُوا بِهِ الْحَقَّ فَأَخَذْتُهُمْ ۖ فَكَيْفَ كَانَ عِقَابِ",
      "verseStringB": "Before them, the people of Noah rejected the truth, as did the Confederates after them. Every community plotted against its messenger, to capture him. And they argued with falsehood, to discredit with it the truth. But I seized them. What a punishment it was!"
    },
    {
      "verseNumber": 6,
      "verseString": "وَكَذَٰلِكَ حَقَّتْ كَلِمَتُ رَبِّكَ عَلَى الَّذِينَ كَفَرُوا أَنَّهُمْ أَصْحَابُ النَّارِ",
      "verseStringB": "And so your Lord’s decree was justified against those who disbelieve—that they are the inmates of the Fire."
    },
    {
      "verseNumber": 7,
      "verseString": "الَّذِينَ يَحْمِلُونَ الْعَرْشَ وَمَنْ حَوْلَهُ يُسَبِّحُونَ بِحَمْدِ رَبِّهِمْ وَيُؤْمِنُونَ بِهِ وَيَسْتَغْفِرُونَ لِلَّذِينَ آمَنُوا رَبَّنَا وَسِعْتَ كُلَّ شَيْءٍ رَحْمَةً وَعِلْمًا فَاغْفِرْ لِلَّذِينَ تَابُوا وَاتَّبَعُوا سَبِيلَكَ وَقِهِمْ عَذَابَ الْجَحِيمِ",
      "verseStringB": "Those who carry the Throne, and those around it, glorify their Lord with praise, and believe in Him, and ask forgiveness for those who believe: “Our Lord, You have encompassed all things in mercy and knowledge, so forgive those who repent and follow Your path, and protect them from the agony of the Blaze."
    },
    {
      "verseNumber": 8,
      "verseString": "رَبَّنَا وَأَدْخِلْهُمْ جَنَّاتِ عَدْنٍ الَّتِي وَعَدْتَهُمْ وَمَنْ صَلَحَ مِنْ آبَائِهِمْ وَأَزْوَاجِهِمْ وَذُرِّيَّاتِهِمْ ۚ إِنَّكَ أَنْتَ الْعَزِيزُ الْحَكِيمُ",
      "verseStringB": "And admit them, Our Lord, into the Gardens of Eternity, which You have promised them, together with the righteous among their parents, and their spouses, and their descendants. You are the Mighty, the Wise."
    },
    {
      "verseNumber": 9,
      "verseString": "وَقِهِمُ السَّيِّئَاتِ ۚ وَمَنْ تَقِ السَّيِّئَاتِ يَوْمَئِذٍ فَقَدْ رَحِمْتَهُ ۚ وَذَٰلِكَ هُوَ الْفَوْزُ الْعَظِيمُ",
      "verseStringB": "And shield them from evil deeds. Whomever You shield from evil deeds on that Day, upon him You had mercy. That is the supreme achievement.”"
    },
    {
      "verseNumber": 10,
      "verseString": "إِنَّ الَّذِينَ كَفَرُوا يُنَادَوْنَ لَمَقْتُ اللَّهِ أَكْبَرُ مِنْ مَقْتِكُمْ أَنْفُسَكُمْ إِذْ تُدْعَوْنَ إِلَى الْإِيمَانِ فَتَكْفُرُونَ",
      "verseStringB": "Those who disbelieved will be addressed, “Allah’s loathing is greater than your loathing of yourselves—for you were invited to faith, but you refused.”"
    },
    {
      "verseNumber": 11,
      "verseString": "قَالُوا رَبَّنَا أَمَتَّنَا اثْنَتَيْنِ وَأَحْيَيْتَنَا اثْنَتَيْنِ فَاعْتَرَفْنَا بِذُنُوبِنَا فَهَلْ إِلَىٰ خُرُوجٍ مِنْ سَبِيلٍ",
      "verseStringB": "They will say, “Our Lord, twice You made us die, and twice you gave us life. Now we confess our sins. Is there a way out?”"
    },
    {
      "verseNumber": 12,
      "verseString": "ذَٰلِكُمْ بِأَنَّهُ إِذَا دُعِيَ اللَّهُ وَحْدَهُ كَفَرْتُمْ ۖ وَإِنْ يُشْرَكْ بِهِ تُؤْمِنُوا ۚ فَالْحُكْمُ لِلَّهِ الْعَلِيِّ الْكَبِيرِ",
      "verseStringB": "That is because when Allah alone was called upon, you disbelieved; but when others were associated with Him, you believed. Judgment rests with Allah the Sublime, the Majestic."
    },
    {
      "verseNumber": 13,
      "verseString": "هُوَ الَّذِي يُرِيكُمْ آيَاتِهِ وَيُنَزِّلُ لَكُمْ مِنَ السَّمَاءِ رِزْقًا ۚ وَمَا يَتَذَكَّرُ إِلَّا مَنْ يُنِيبُ",
      "verseStringB": "It is He who shows you His wonders and sends down sustenance from the sky for you. But none will be mindful except the repentant."
    },
    {
      "verseNumber": 14,
      "verseString": "فَادْعُوا اللَّهَ مُخْلِصِينَ لَهُ الدِّينَ وَلَوْ كَرِهَ الْكَافِرُونَ",
      "verseStringB": "So call upon Allah, with sincere devotion to Him, even though the disbelievers hate it."
    },
    {
      "verseNumber": 15,
      "verseString": "رَفِيعُ الدَّرَجَاتِ ذُو الْعَرْشِ يُلْقِي الرُّوحَ مِنْ أَمْرِهِ عَلَىٰ مَنْ يَشَاءُ مِنْ عِبَادِهِ لِيُنْذِرَ يَوْمَ التَّلَاقِ",
      "verseStringB": "Exalted in rank, Possessor of the Throne. He conveys the Spirit, by His command, upon whom He wills of His servants, to warn of the Day of Encounter."
    },
    {
      "verseNumber": 16,
      "verseString": "يَوْمَ هُمْ بَارِزُونَ ۖ لَا يَخْفَىٰ عَلَى اللَّهِ مِنْهُمْ شَيْءٌ ۚ لِمَنِ الْمُلْكُ الْيَوْمَ ۖ لِلَّهِ الْوَاحِدِ الْقَهَّارِ",
      "verseStringB": "The Day when they will emerge, nothing about them is hidden from Allah. “To whom does sovereignty belong today?” “To Allah, the One, the Irresistible.”"
    },
    {
      "verseNumber": 17,
      "verseString": "الْيَوْمَ تُجْزَىٰ كُلُّ نَفْسٍ بِمَا كَسَبَتْ ۚ لَا ظُلْمَ الْيَوْمَ ۚ إِنَّ اللَّهَ سَرِيعُ الْحِسَابِ",
      "verseStringB": "On that Day: every soul will be rewarded for what it had done. There will be no injustice on that Day. Allah is quick to settle accounts."
    },
    {
      "verseNumber": 18,
      "verseString": "وَأَنْذِرْهُمْ يَوْمَ الْآزِفَةِ إِذِ الْقُلُوبُ لَدَى الْحَنَاجِرِ كَاظِمِينَ ۚ مَا لِلظَّالِمِينَ مِنْ حَمِيمٍ وَلَا شَفِيعٍ يُطَاعُ",
      "verseStringB": "And warn them of the Day of Imminence, when the hearts are at the throats, choking them. The wrongdoers will have no dependable friend, and no mediator to be obeyed."
    },
    {
      "verseNumber": 19,
      "verseString": "يَعْلَمُ خَائِنَةَ الْأَعْيُنِ وَمَا تُخْفِي الصُّدُورُ",
      "verseStringB": "He knows the eyes’ deception, and what the hearts conceal."
    },
    {
      "verseNumber": 20,
      "verseString": "وَاللَّهُ يَقْضِي بِالْحَقِّ ۖ وَالَّذِينَ يَدْعُونَ مِنْ دُونِهِ لَا يَقْضُونَ بِشَيْءٍ ۗ إِنَّ اللَّهَ هُوَ السَّمِيعُ الْبَصِيرُ",
      "verseStringB": "Allah judges with justice, while those whom they invoke besides Him cannot judge with anything. It is Allah who is the Hearer, the Seer."
    },
    {
      "verseNumber": 21,
      "verseString": "أَوَلَمْ يَسِيرُوا فِي الْأَرْضِ فَيَنْظُرُوا كَيْفَ كَانَ عَاقِبَةُ الَّذِينَ كَانُوا مِنْ قَبْلِهِمْ ۚ كَانُوا هُمْ أَشَدَّ مِنْهُمْ قُوَّةً وَآثَارًا فِي الْأَرْضِ فَأَخَذَهُمُ اللَّهُ بِذُنُوبِهِمْ وَمَا كَانَ لَهُمْ مِنَ اللَّهِ مِنْ وَاقٍ",
      "verseStringB": "Have they not journeyed through the earth, and seen the fate of those before them? They were superior to them in might, and they left more impact on earth. But Allah seized them for their sins, and they had no defender against Allah."
    },
    {
      "verseNumber": 22,
      "verseString": "ذَٰلِكَ بِأَنَّهُمْ كَانَتْ تَأْتِيهِمْ رُسُلُهُمْ بِالْبَيِّنَاتِ فَكَفَرُوا فَأَخَذَهُمُ اللَّهُ ۚ إِنَّهُ قَوِيٌّ شَدِيدُ الْعِقَابِ",
      "verseStringB": "That is because their messengers used to come to them with clear proofs, but they persisted in disbelief, so Allah seized them. He is All-Powerful, Severe in retribution."
    },
    {
      "verseNumber": 23,
      "verseString": "وَلَقَدْ أَرْسَلْنَا مُوسَىٰ بِآيَاتِنَا وَسُلْطَانٍ مُبِينٍ",
      "verseStringB": "We sent Moses with Our signs—and a clear authorization."
    },
    {
      "verseNumber": 24,
      "verseString": "إِلَىٰ فِرْعَوْنَ وَهَامَانَ وَقَارُونَ فَقَالُوا سَاحِرٌ كَذَّابٌ",
      "verseStringB": "To Pharaoh, Hamaan, and Korah. But they said, “A lying magician.”"
    },
    {
      "verseNumber": 25,
      "verseString": "فَلَمَّا جَاءَهُمْ بِالْحَقِّ مِنْ عِنْدِنَا قَالُوا اقْتُلُوا أَبْنَاءَ الَّذِينَ آمَنُوا مَعَهُ وَاسْتَحْيُوا نِسَاءَهُمْ ۚ وَمَا كَيْدُ الْكَافِرِينَ إِلَّا فِي ضَلَالٍ",
      "verseStringB": "Then, when he came to them with the truth from Us, they said, “Kill the sons of those who believe with him, and spare their women.” But the schemes of the unbelievers can only fail."
    },
    {
      "verseNumber": 26,
      "verseString": "وَقَالَ فِرْعَوْنُ ذَرُونِي أَقْتُلْ مُوسَىٰ وَلْيَدْعُ رَبَّهُ ۖ إِنِّي أَخَافُ أَنْ يُبَدِّلَ دِينَكُمْ أَوْ أَنْ يُظْهِرَ فِي الْأَرْضِ الْفَسَادَ",
      "verseStringB": "Pharaoh said, “Leave me to kill Moses, and let him appeal to his Lord. I fear he may change your religion, or spread disorder in the land.”"
    },
    {
      "verseNumber": 27,
      "verseString": "وَقَالَ مُوسَىٰ إِنِّي عُذْتُ بِرَبِّي وَرَبِّكُمْ مِنْ كُلِّ مُتَكَبِّرٍ لَا يُؤْمِنُ بِيَوْمِ الْحِسَابِ",
      "verseStringB": "Moses said, “I have sought refuge in my Lord and your Lord, from every arrogant who does not believe in the Day of Account.”"
    },
    {
      "verseNumber": 28,
      "verseString": "وَقَالَ رَجُلٌ مُؤْمِنٌ مِنْ آلِ فِرْعَوْنَ يَكْتُمُ إِيمَانَهُ أَتَقْتُلُونَ رَجُلًا أَنْ يَقُولَ رَبِّيَ اللَّهُ وَقَدْ جَاءَكُمْ بِالْبَيِّنَاتِ مِنْ رَبِّكُمْ ۖ وَإِنْ يَكُ كَاذِبًا فَعَلَيْهِ كَذِبُهُ ۖ وَإِنْ يَكُ صَادِقًا يُصِبْكُمْ بَعْضُ الَّذِي يَعِدُكُمْ ۖ إِنَّ اللَّهَ لَا يَهْدِي مَنْ هُوَ مُسْرِفٌ كَذَّابٌ",
      "verseStringB": "A believing man from Pharaoh's family, who was hiding his faith, said, “Will you kill a man for saying, `My Lord is Allah,’ although he has come to you with clear proofs from your Lord? If he is a liar, his lie will be upon him. But if he is truthful, then some of what he promises you will befall you. Allah does not guide the extravagant liar."
    },
    {
      "verseNumber": 29,
      "verseString": "يَا قَوْمِ لَكُمُ الْمُلْكُ الْيَوْمَ ظَاهِرِينَ فِي الْأَرْضِ فَمَنْ يَنْصُرُنَا مِنْ بَأْسِ اللَّهِ إِنْ جَاءَنَا ۚ قَالَ فِرْعَوْنُ مَا أُرِيكُمْ إِلَّا مَا أَرَىٰ وَمَا أَهْدِيكُمْ إِلَّا سَبِيلَ الرَّشَادِ",
      "verseStringB": "O, my people! Authority is yours today, prominent on the land. But who will help us against Allah’s might, should it come upon us?” Pharaoh said, “I do not show you except what I see, and I do not guide you except to the path of prudence.”"
    },
    {
      "verseNumber": 30,
      "verseString": "وَقَالَ الَّذِي آمَنَ يَا قَوْمِ إِنِّي أَخَافُ عَلَيْكُمْ مِثْلَ يَوْمِ الْأَحْزَابِ",
      "verseStringB": "And he who believed said, “O my people, I fear for you the like of the day of the Confederates."
    },
    {
      "verseNumber": 31,
      "verseString": "مِثْلَ دَأْبِ قَوْمِ نُوحٍ وَعَادٍ وَثَمُودَ وَالَّذِينَ مِنْ بَعْدِهِمْ ۚ وَمَا اللَّهُ يُرِيدُ ظُلْمًا لِلْعِبَادِ",
      "verseStringB": "Like the plight of the people of Noah, and Aad, and Thamood, and those after them. Allah intends no injustice for the servants."
    },
    {
      "verseNumber": 32,
      "verseString": "وَيَا قَوْمِ إِنِّي أَخَافُ عَلَيْكُمْ يَوْمَ التَّنَادِ",
      "verseStringB": "O, my people! I fear for you the Day of Calling."
    },
    {
      "verseNumber": 33,
      "verseString": "يَوْمَ تُوَلُّونَ مُدْبِرِينَ مَا لَكُمْ مِنَ اللَّهِ مِنْ عَاصِمٍ ۗ وَمَنْ يُضْلِلِ اللَّهُ فَمَا لَهُ مِنْ هَادٍ",
      "verseStringB": "The Day you will turn away to flee, having none to protect you from Allah. Whomever Allah leaves to stray, has no guide.”"
    },
    {
      "verseNumber": 34,
      "verseString": "وَلَقَدْ جَاءَكُمْ يُوسُفُ مِنْ قَبْلُ بِالْبَيِّنَاتِ فَمَا زِلْتُمْ فِي شَكٍّ مِمَّا جَاءَكُمْ بِهِ ۖ حَتَّىٰ إِذَا هَلَكَ قُلْتُمْ لَنْ يَبْعَثَ اللَّهُ مِنْ بَعْدِهِ رَسُولًا ۚ كَذَٰلِكَ يُضِلُّ اللَّهُ مَنْ هُوَ مُسْرِفٌ مُرْتَابٌ",
      "verseStringB": "Joseph already came to you with clear revelations, but you never ceased to doubt what he came to you with. Until, when he perished, you said, “Allah will never send a messenger after him.” Thus Allah leaves the outrageous skeptic to stray."
    },
    {
      "verseNumber": 35,
      "verseString": "الَّذِينَ يُجَادِلُونَ فِي آيَاتِ اللَّهِ بِغَيْرِ سُلْطَانٍ أَتَاهُمْ ۖ كَبُرَ مَقْتًا عِنْدَ اللَّهِ وَعِنْدَ الَّذِينَ آمَنُوا ۚ كَذَٰلِكَ يَطْبَعُ اللَّهُ عَلَىٰ كُلِّ قَلْبِ مُتَكَبِّرٍ جَبَّارٍ",
      "verseStringB": "Those who argue against Allah’s revelations, with no proof having come to them—grievous and despised it is by Allah and those who believe. Thus Allah seals the heart of every arrogant bully."
    },
    {
      "verseNumber": 36,
      "verseString": "وَقَالَ فِرْعَوْنُ يَا هَامَانُ ابْنِ لِي صَرْحًا لَعَلِّي أَبْلُغُ الْأَسْبَابَ",
      "verseStringB": "And Pharaoh said, “O Hamaan, build me a tower, that I may reach the pathways."
    },
    {
      "verseNumber": 37,
      "verseString": "أَسْبَابَ السَّمَاوَاتِ فَأَطَّلِعَ إِلَىٰ إِلَٰهِ مُوسَىٰ وَإِنِّي لَأَظُنُّهُ كَاذِبًا ۚ وَكَذَٰلِكَ زُيِّنَ لِفِرْعَوْنَ سُوءُ عَمَلِهِ وَصُدَّ عَنِ السَّبِيلِ ۚ وَمَا كَيْدُ فِرْعَوْنَ إِلَّا فِي تَبَابٍ",
      "verseStringB": "The pathways of the heavens, so that I may look at the God of Moses, although I think he is a liar.” Thus Pharaoh’s evil deeds were made to appear good to him, and he was averted from the path. Pharaoh's guile was only in defeat."
    },
    {
      "verseNumber": 38,
      "verseString": "وَقَالَ الَّذِي آمَنَ يَا قَوْمِ اتَّبِعُونِ أَهْدِكُمْ سَبِيلَ الرَّشَادِ",
      "verseStringB": "And the one who believed said, “O my people, follow me, and I will guide you to the path of rectitude.”"
    },
    {
      "verseNumber": 39,
      "verseString": "يَا قَوْمِ إِنَّمَا هَٰذِهِ الْحَيَاةُ الدُّنْيَا مَتَاعٌ وَإِنَّ الْآخِرَةَ هِيَ دَارُ الْقَرَارِ",
      "verseStringB": "“O my people, this worldly life is only enjoyment, but the Hereafter is the Home of Permanence."
    },
    {
      "verseNumber": 40,
      "verseString": "مَنْ عَمِلَ سَيِّئَةً فَلَا يُجْزَىٰ إِلَّا مِثْلَهَا ۖ وَمَنْ عَمِلَ صَالِحًا مِنْ ذَكَرٍ أَوْ أُنْثَىٰ وَهُوَ مُؤْمِنٌ فَأُولَٰئِكَ يَدْخُلُونَ الْجَنَّةَ يُرْزَقُونَ فِيهَا بِغَيْرِ حِسَابٍ",
      "verseStringB": "Whoever commits a bad deed will be repaid only with its equivalent. And whoever works righteousness—whether male or female, and is a believer—these will enter Paradise, where they will be provided for without account."
    },
    {
      "verseNumber": 41,
      "verseString": "وَيَا قَوْمِ مَا لِي أَدْعُوكُمْ إِلَى النَّجَاةِ وَتَدْعُونَنِي إِلَى النَّارِ",
      "verseStringB": "O my people, how is it that I invite you to salvation, while you invite me to the Fire?"
    },
    {
      "verseNumber": 42,
      "verseString": "تَدْعُونَنِي لِأَكْفُرَ بِاللَّهِ وَأُشْرِكَ بِهِ مَا لَيْسَ لِي بِهِ عِلْمٌ وَأَنَا أَدْعُوكُمْ إِلَى الْعَزِيزِ الْغَفَّارِ",
      "verseStringB": "You invite me to reject Allah, and to associate with Him what I have no knowledge of, while I invite you to the Almighty, the Forgiver."
    },
    {
      "verseNumber": 43,
      "verseString": "لَا جَرَمَ أَنَّمَا تَدْعُونَنِي إِلَيْهِ لَيْسَ لَهُ دَعْوَةٌ فِي الدُّنْيَا وَلَا فِي الْآخِرَةِ وَأَنَّ مَرَدَّنَا إِلَى اللَّهِ وَأَنَّ الْمُسْرِفِينَ هُمْ أَصْحَابُ النَّارِ",
      "verseStringB": "Without a doubt, what you invite me to has no say in this world, nor in the Hereafter. And our turning back is to Allah. And the transgressors are the inmates of the Fire."
    },
    {
      "verseNumber": 44,
      "verseString": "فَسَتَذْكُرُونَ مَا أَقُولُ لَكُمْ ۚ وَأُفَوِّضُ أَمْرِي إِلَى اللَّهِ ۚ إِنَّ اللَّهَ بَصِيرٌ بِالْعِبَادِ",
      "verseStringB": "You will remember what I am telling you, and I commit my case to Allah. Allah is Observant of the servants.”"
    },
    {
      "verseNumber": 45,
      "verseString": "فَوَقَاهُ اللَّهُ سَيِّئَاتِ مَا مَكَرُوا ۖ وَحَاقَ بِآلِ فِرْعَوْنَ سُوءُ الْعَذَابِ",
      "verseStringB": "So Allah protected him from the evils of their scheming, and a terrible punishment besieged Pharaoh’s clan."
    },
    {
      "verseNumber": 46,
      "verseString": "النَّارُ يُعْرَضُونَ عَلَيْهَا غُدُوًّا وَعَشِيًّا ۖ وَيَوْمَ تَقُومُ السَّاعَةُ أَدْخِلُوا آلَ فِرْعَوْنَ أَشَدَّ الْعَذَابِ",
      "verseStringB": "The Fire, to which they are exposed morning and evening. And on the Day the Hour takes place: “Admit Pharaoh’s clan to the most intense suffering.”"
    },
    {
      "verseNumber": 47,
      "verseString": "وَإِذْ يَتَحَاجُّونَ فِي النَّارِ فَيَقُولُ الضُّعَفَاءُ لِلَّذِينَ اسْتَكْبَرُوا إِنَّا كُنَّا لَكُمْ تَبَعًا فَهَلْ أَنْتُمْ مُغْنُونَ عَنَّا نَصِيبًا مِنَ النَّارِ",
      "verseStringB": "As they quarrel in the Fire, the meek will say to those who were arrogant, “We were your followers, will you give us some relief from the Fire?”"
    },
    {
      "verseNumber": 48,
      "verseString": "قَالَ الَّذِينَ اسْتَكْبَرُوا إِنَّا كُلٌّ فِيهَا إِنَّ اللَّهَ قَدْ حَكَمَ بَيْنَ الْعِبَادِ",
      "verseStringB": "Those who were arrogant will say, “We are all in it—Allah has judged between the servants.”"
    },
    {
      "verseNumber": 49,
      "verseString": "وَقَالَ الَّذِينَ فِي النَّارِ لِخَزَنَةِ جَهَنَّمَ ادْعُوا رَبَّكُمْ يُخَفِّفْ عَنَّا يَوْمًا مِنَ الْعَذَابِ",
      "verseStringB": "And those in the Fire will say to the keepers of Hell, “Call upon your Lord to lessen our suffering for one day.”"
    },
    {
      "verseNumber": 50,
      "verseString": "قَالُوا أَوَلَمْ تَكُ تَأْتِيكُمْ رُسُلُكُمْ بِالْبَيِّنَاتِ ۖ قَالُوا بَلَىٰ ۚ قَالُوا فَادْعُوا ۗ وَمَا دُعَاءُ الْكَافِرِينَ إِلَّا فِي ضَلَالٍ",
      "verseStringB": "They will say, “Did your Messengers not come to you with clear evidence?” They will say, “Yes.” They will say, “Then pray, but the prayer of the unbelievers is only in vain.”"
    },
    {
      "verseNumber": 51,
      "verseString": "إِنَّا لَنَنْصُرُ رُسُلَنَا وَالَّذِينَ آمَنُوا فِي الْحَيَاةِ الدُّنْيَا وَيَوْمَ يَقُومُ الْأَشْهَادُ",
      "verseStringB": "Most certainly, We will support Our messengers and those who believe, in this life, and on the Day when the witnesses arise."
    },
    {
      "verseNumber": 52,
      "verseString": "يَوْمَ لَا يَنْفَعُ الظَّالِمِينَ مَعْذِرَتُهُمْ ۖ وَلَهُمُ اللَّعْنَةُ وَلَهُمْ سُوءُ الدَّارِ",
      "verseStringB": "The Day when the wrongdoers’ excuses will not benefit them, and they will have the curse, and they will have the worst home."
    },
    {
      "verseNumber": 53,
      "verseString": "وَلَقَدْ آتَيْنَا مُوسَى الْهُدَىٰ وَأَوْرَثْنَا بَنِي إِسْرَائِيلَ الْكِتَابَ",
      "verseStringB": "We gave Moses the guidance, and We made the Children of Israel inherit the Scripture."
    },
    {
      "verseNumber": 54,
      "verseString": "هُدًى وَذِكْرَىٰ لِأُولِي الْأَلْبَابِ",
      "verseStringB": "A guide and a reminder for those endowed with understanding."
    },
    {
      "verseNumber": 55,
      "verseString": "فَاصْبِرْ إِنَّ وَعْدَ اللَّهِ حَقٌّ وَاسْتَغْفِرْ لِذَنْبِكَ وَسَبِّحْ بِحَمْدِ رَبِّكَ بِالْعَشِيِّ وَالْإِبْكَارِ",
      "verseStringB": "So persevere. The promise of Allah is true. And ask forgiveness for your sin. And proclaim your Lord’s praises evening and morning."
    },
    {
      "verseNumber": 56,
      "verseString": "إِنَّ الَّذِينَ يُجَادِلُونَ فِي آيَاتِ اللَّهِ بِغَيْرِ سُلْطَانٍ أَتَاهُمْ ۙ إِنْ فِي صُدُورِهِمْ إِلَّا كِبْرٌ مَا هُمْ بِبَالِغِيهِ ۚ فَاسْتَعِذْ بِاللَّهِ ۖ إِنَّهُ هُوَ السَّمِيعُ الْبَصِيرُ",
      "verseStringB": "Those who dispute Allah’s revelations with no authority having come to them: there is nothing in their hearts except the feeling of greatness, which they will never attain. So seek refuge in Allah. He is the All-Hearing, the All-Seeing."
    },
    {
      "verseNumber": 57,
      "verseString": "لَخَلْقُ السَّمَاوَاتِ وَالْأَرْضِ أَكْبَرُ مِنْ خَلْقِ النَّاسِ وَلَٰكِنَّ أَكْثَرَ النَّاسِ لَا يَعْلَمُونَ",
      "verseStringB": "The creation of the heavens and the earth is greater than the creation of humanity, but most people do not know."
    },
    {
      "verseNumber": 58,
      "verseString": "وَمَا يَسْتَوِي الْأَعْمَىٰ وَالْبَصِيرُ وَالَّذِينَ آمَنُوا وَعَمِلُوا الصَّالِحَاتِ وَلَا الْمُسِيءُ ۚ قَلِيلًا مَا تَتَذَكَّرُونَ",
      "verseStringB": "Not equal are the blind and the seeing, nor are those who believe and work righteousness equal to the sinners. Little do you reflect!"
    },
    {
      "verseNumber": 59,
      "verseString": "إِنَّ السَّاعَةَ لَآتِيَةٌ لَا رَيْبَ فِيهَا وَلَٰكِنَّ أَكْثَرَ النَّاسِ لَا يُؤْمِنُونَ",
      "verseStringB": "The Hour is certainly coming: there is no doubt about it. But most people do not believe."
    },
    {
      "verseNumber": 60,
      "verseString": "وَقَالَ رَبُّكُمُ ادْعُونِي أَسْتَجِبْ لَكُمْ ۚ إِنَّ الَّذِينَ يَسْتَكْبِرُونَ عَنْ عِبَادَتِي سَيَدْخُلُونَ جَهَنَّمَ دَاخِرِينَ",
      "verseStringB": "And your Lord has proclaimed, “Pray to Me, and I will respond to you. But those who are too proud to worship Me will enter Hell forcibly.”"
    },
    {
      "verseNumber": 61,
      "verseString": "اللَّهُ الَّذِي جَعَلَ لَكُمُ اللَّيْلَ لِتَسْكُنُوا فِيهِ وَالنَّهَارَ مُبْصِرًا ۚ إِنَّ اللَّهَ لَذُو فَضْلٍ عَلَى النَّاسِ وَلَٰكِنَّ أَكْثَرَ النَّاسِ لَا يَشْكُرُونَ",
      "verseStringB": "It is Allah Who made the night for you, to rest in it; and the day allowing sight. Allah is gracious towards people, but most people are not thankful."
    },
    {
      "verseNumber": 62,
      "verseString": "ذَٰلِكُمُ اللَّهُ رَبُّكُمْ خَالِقُ كُلِّ شَيْءٍ لَا إِلَٰهَ إِلَّا هُوَ ۖ فَأَنَّىٰ تُؤْفَكُونَ",
      "verseStringB": "That is Allah, your Lord, Creator of all things. There is no god but He. So how can you be deluded?"
    },
    {
      "verseNumber": 63,
      "verseString": "كَذَٰلِكَ يُؤْفَكُ الَّذِينَ كَانُوا بِآيَاتِ اللَّهِ يَجْحَدُونَ",
      "verseStringB": "Thus are deluded those who oppose Allah’s revelations."
    },
    {
      "verseNumber": 64,
      "verseString": "اللَّهُ الَّذِي جَعَلَ لَكُمُ الْأَرْضَ قَرَارًا وَالسَّمَاءَ بِنَاءً وَصَوَّرَكُمْ فَأَحْسَنَ صُوَرَكُمْ وَرَزَقَكُمْ مِنَ الطَّيِّبَاتِ ۚ ذَٰلِكُمُ اللَّهُ رَبُّكُمْ ۖ فَتَبَارَكَ اللَّهُ رَبُّ الْعَالَمِينَ",
      "verseStringB": "It is Allah who made the earth a habitat for you, and the sky a structure. And He designed you, and He designed you well, and He provided you with good things. That is Allah, your Lord. So Blessed is Allah, Lord of the Worlds."
    },
    {
      "verseNumber": 65,
      "verseString": "هُوَ الْحَيُّ لَا إِلَٰهَ إِلَّا هُوَ فَادْعُوهُ مُخْلِصِينَ لَهُ الدِّينَ ۗ الْحَمْدُ لِلَّهِ رَبِّ الْعَالَمِينَ",
      "verseStringB": "He is the Living. There is no god except He. So call upon Him, devoting your religion entirely to Him. Praise be to Allah, Lord of the Worlds."
    },
    {
      "verseNumber": 66,
      "verseString": "قُلْ إِنِّي نُهِيتُ أَنْ أَعْبُدَ الَّذِينَ تَدْعُونَ مِنْ دُونِ اللَّهِ لَمَّا جَاءَنِيَ الْبَيِّنَاتُ مِنْ رَبِّي وَأُمِرْتُ أَنْ أُسْلِمَ لِرَبِّ الْعَالَمِينَ",
      "verseStringB": "Say, “I was prohibited from worshiping those you call upon besides Allah, now that clear proofs have come to me from my Lord. And I was commanded to submit to the Lord of the Universe.”"
    },
    {
      "verseNumber": 67,
      "verseString": "هُوَ الَّذِي خَلَقَكُمْ مِنْ تُرَابٍ ثُمَّ مِنْ نُطْفَةٍ ثُمَّ مِنْ عَلَقَةٍ ثُمَّ يُخْرِجُكُمْ طِفْلًا ثُمَّ لِتَبْلُغُوا أَشُدَّكُمْ ثُمَّ لِتَكُونُوا شُيُوخًا ۚ وَمِنْكُمْ مَنْ يُتَوَفَّىٰ مِنْ قَبْلُ ۖ وَلِتَبْلُغُوا أَجَلًا مُسَمًّى وَلَعَلَّكُمْ تَعْقِلُونَ",
      "verseStringB": "It is He who created you from dust, then from a drop, then from a clot, then He brings you out as infants, so that you may reach your prime, then you become elderly—although some of you die sooner—so that you may reach a predetermined age, so that you may understand."
    },
    {
      "verseNumber": 68,
      "verseString": "هُوَ الَّذِي يُحْيِي وَيُمِيتُ ۖ فَإِذَا قَضَىٰ أَمْرًا فَإِنَّمَا يَقُولُ لَهُ كُنْ فَيَكُونُ",
      "verseStringB": "It is He who gives life and causes death. And when He decides on an issue, He says to it, “Be,” and it comes to be."
    },
    {
      "verseNumber": 69,
      "verseString": "أَلَمْ تَرَ إِلَى الَّذِينَ يُجَادِلُونَ فِي آيَاتِ اللَّهِ أَنَّىٰ يُصْرَفُونَ",
      "verseStringB": "Have you not considered those who dispute Allah's revelations, how they are turned away?"
    },
    {
      "verseNumber": 70,
      "verseString": "الَّذِينَ كَذَّبُوا بِالْكِتَابِ وَبِمَا أَرْسَلْنَا بِهِ رُسُلَنَا ۖ فَسَوْفَ يَعْلَمُونَ",
      "verseStringB": "Those who call the Book a lie, and what We sent Our messengers with—they will surely know."
    },
    {
      "verseNumber": 71,
      "verseString": "إِذِ الْأَغْلَالُ فِي أَعْنَاقِهِمْ وَالسَّلَاسِلُ يُسْحَبُونَ",
      "verseStringB": "With shackles around their necks. And dragged by the chains."
    },
    {
      "verseNumber": 72,
      "verseString": "فِي الْحَمِيمِ ثُمَّ فِي النَّارِ يُسْجَرُونَ",
      "verseStringB": "Into the boiling water. Then in the Fire, they will be consumed."
    },
    {
      "verseNumber": 73,
      "verseString": "ثُمَّ قِيلَ لَهُمْ أَيْنَ مَا كُنْتُمْ تُشْرِكُونَ",
      "verseStringB": "Then it will be said to them, “Where are those you used to deify?"
    },
    {
      "verseNumber": 74,
      "verseString": "مِنْ دُونِ اللَّهِ ۖ قَالُوا ضَلُّوا عَنَّا بَلْ لَمْ نَكُنْ نَدْعُو مِنْ قَبْلُ شَيْئًا ۚ كَذَٰلِكَ يُضِلُّ اللَّهُ الْكَافِرِينَ",
      "verseStringB": "Instead of Allah?” They will say, “They abandoned us. In fact, we were praying to nothing.” Thus Allah leads the unbelievers to stray."
    },
    {
      "verseNumber": 75,
      "verseString": "ذَٰلِكُمْ بِمَا كُنْتُمْ تَفْرَحُونَ فِي الْأَرْضِ بِغَيْرِ الْحَقِّ وَبِمَا كُنْتُمْ تَمْرَحُونَ",
      "verseStringB": "That is because you used to rejoice on earth in other than the truth, and because you used to behave with vanity."
    },
    {
      "verseNumber": 76,
      "verseString": "ادْخُلُوا أَبْوَابَ جَهَنَّمَ خَالِدِينَ فِيهَا ۖ فَبِئْسَ مَثْوَى الْمُتَكَبِّرِينَ",
      "verseStringB": "Enter the gates of Hell, to stay there forever. How evil is the dwelling of the arrogant!"
    },
    {
      "verseNumber": 77,
      "verseString": "فَاصْبِرْ إِنَّ وَعْدَ اللَّهِ حَقٌّ ۚ فَإِمَّا نُرِيَنَّكَ بَعْضَ الَّذِي نَعِدُهُمْ أَوْ نَتَوَفَّيَنَّكَ فَإِلَيْنَا يُرْجَعُونَ",
      "verseStringB": "So be patient. The promise of Allah is true. Whether We show you some of what We have promised them, or take you, to Us they will be returned."
    },
    {
      "verseNumber": 78,
      "verseString": "وَلَقَدْ أَرْسَلْنَا رُسُلًا مِنْ قَبْلِكَ مِنْهُمْ مَنْ قَصَصْنَا عَلَيْكَ وَمِنْهُمْ مَنْ لَمْ نَقْصُصْ عَلَيْكَ ۗ وَمَا كَانَ لِرَسُولٍ أَنْ يَأْتِيَ بِآيَةٍ إِلَّا بِإِذْنِ اللَّهِ ۚ فَإِذَا جَاءَ أَمْرُ اللَّهِ قُضِيَ بِالْحَقِّ وَخَسِرَ هُنَالِكَ الْمُبْطِلُونَ",
      "verseStringB": "We sent messengers before you: some of them We told you about, and some We did not tell you about. No messenger can bring a sign, except with Allah’s permission. So when Allah’s command comes, judgment will be passed in fairness, and there and then the seekers of falsehood will lose."
    },
    {
      "verseNumber": 79,
      "verseString": "اللَّهُ الَّذِي جَعَلَ لَكُمُ الْأَنْعَامَ لِتَرْكَبُوا مِنْهَا وَمِنْهَا تَأْكُلُونَ",
      "verseStringB": "Allah is He who created the domestic animals for you: some for you to ride, and some you eat."
    },
    {
      "verseNumber": 80,
      "verseString": "وَلَكُمْ فِيهَا مَنَافِعُ وَلِتَبْلُغُوا عَلَيْهَا حَاجَةً فِي صُدُورِكُمْ وَعَلَيْهَا وَعَلَى الْفُلْكِ تُحْمَلُونَ",
      "verseStringB": "And in them, you have other benefits. And through them, you satisfy your needs. And on them, and on the ships, you are transported."
    },
    {
      "verseNumber": 81,
      "verseString": "وَيُرِيكُمْ آيَاتِهِ فَأَيَّ آيَاتِ اللَّهِ تُنْكِرُونَ",
      "verseStringB": "And He shows you His signs. So which of Allah’s signs will you deny?"
    },
    {
      "verseNumber": 82,
      "verseString": "أَفَلَمْ يَسِيرُوا فِي الْأَرْضِ فَيَنْظُرُوا كَيْفَ كَانَ عَاقِبَةُ الَّذِينَ مِنْ قَبْلِهِمْ ۚ كَانُوا أَكْثَرَ مِنْهُمْ وَأَشَدَّ قُوَّةً وَآثَارًا فِي الْأَرْضِ فَمَا أَغْنَىٰ عَنْهُمْ مَا كَانُوا يَكْسِبُونَ",
      "verseStringB": "Have they not journeyed through the earth, and seen the outcome for those before them? They were more numerous than they, and they had greater power and influence on earth. But what they had achieved availed them nothing."
    },
    {
      "verseNumber": 83,
      "verseString": "فَلَمَّا جَاءَتْهُمْ رُسُلُهُمْ بِالْبَيِّنَاتِ فَرِحُوا بِمَا عِنْدَهُمْ مِنَ الْعِلْمِ وَحَاقَ بِهِمْ مَا كَانُوا بِهِ يَسْتَهْزِئُونَ",
      "verseStringB": "When their messengers came to them with clear proofs, they rejoiced in the knowledge they had, and so the very things they used to ridicule besieged them."
    },
    {
      "verseNumber": 84,
      "verseString": "فَلَمَّا رَأَوْا بَأْسَنَا قَالُوا آمَنَّا بِاللَّهِ وَحْدَهُ وَكَفَرْنَا بِمَا كُنَّا بِهِ مُشْرِكِينَ",
      "verseStringB": "Then, when they witnessed Our might, they said, “We believe in Allah alone, and we reject what we used to associate with Him.”"
    },
    {
      "verseNumber": 85,
      "verseString": "فَلَمْ يَكُ يَنْفَعُهُمْ إِيمَانُهُمْ لَمَّا رَأَوْا بَأْسَنَا ۖ سُنَّتَ اللَّهِ الَّتِي قَدْ خَلَتْ فِي عِبَادِهِ ۖ وَخَسِرَ هُنَالِكَ الْكَافِرُونَ",
      "verseStringB": "But their faith did not benefit them when they witnessed Our punishment. This has been Allah’s way of dealing with His servants. There and then the disbelievers lost."
    }
  ],
  "nameEnglish": "Forgiver",
  "nameTrans": "Ghafir",
  "nameArabic": "غافر",
  "chapterNumber": 40,
  "nVerses": 85
}