{
  "verses": [
    {
      "verseNumber": 0,
      "verseString": "بِسْمِ اللَّهِ الرَّحْمَٰنِ الرَّحِيمِ",
      "verseStringB": "In the name of Allah, the Compassionate, the Merciful."
    },
    {
      "verseNumber": 1,
      "verseString": "حم",
      "verseStringB": "Ha. Meem."
    },
    {
      "verseNumber": 2,
      "verseString": "تَنْزِيلُ الْكِتَابِ مِنَ اللَّهِ الْعَزِيزِ الْحَكِيمِ",
      "verseStringB": "The revelation of the Scripture is from Allah—the Honorable, the Wise."
    },
    {
      "verseNumber": 3,
      "verseString": "مَا خَلَقْنَا السَّمَاوَاتِ وَالْأَرْضَ وَمَا بَيْنَهُمَا إِلَّا بِالْحَقِّ وَأَجَلٍ مُسَمًّى ۚ وَالَّذِينَ كَفَرُوا عَمَّا أُنْذِرُوا مُعْرِضُونَ",
      "verseStringB": "We did not create the heavens and the earth and what lies between them except with reason, and for a finite period. Yet those who disbelieve turn away from the warnings they receive."
    },
    {
      "verseNumber": 4,
      "verseString": "قُلْ أَرَأَيْتُمْ مَا تَدْعُونَ مِنْ دُونِ اللَّهِ أَرُونِي مَاذَا خَلَقُوا مِنَ الْأَرْضِ أَمْ لَهُمْ شِرْكٌ فِي السَّمَاوَاتِ ۖ ائْتُونِي بِكِتَابٍ مِنْ قَبْلِ هَٰذَا أَوْ أَثَارَةٍ مِنْ عِلْمٍ إِنْ كُنْتُمْ صَادِقِينَ",
      "verseStringB": "Say, “Have you considered those you call upon besides Allah? Show me which portion of the earth they created. Or do they own a share of the heavens? Bring me a scripture prior to this one, or some shred of knowledge, if you are truthful.”"
    },
    {
      "verseNumber": 5,
      "verseString": "وَمَنْ أَضَلُّ مِمَّنْ يَدْعُو مِنْ دُونِ اللَّهِ مَنْ لَا يَسْتَجِيبُ لَهُ إِلَىٰ يَوْمِ الْقِيَامَةِ وَهُمْ عَنْ دُعَائِهِمْ غَافِلُونَ",
      "verseStringB": "And who is more misguided than he who calls upon others besides Allah—who cannot respond to him until Resurrection Day? And they are unaware of their prayers."
    },
    {
      "verseNumber": 6,
      "verseString": "وَإِذَا حُشِرَ النَّاسُ كَانُوا لَهُمْ أَعْدَاءً وَكَانُوا بِعِبَادَتِهِمْ كَافِرِينَ",
      "verseStringB": "And when humanity is gathered, they will be enemies to them, and they will renounce their worship of them."
    },
    {
      "verseNumber": 7,
      "verseString": "وَإِذَا تُتْلَىٰ عَلَيْهِمْ آيَاتُنَا بَيِّنَاتٍ قَالَ الَّذِينَ كَفَرُوا لِلْحَقِّ لَمَّا جَاءَهُمْ هَٰذَا سِحْرٌ مُبِينٌ",
      "verseStringB": "And when Our revelations are recited to them, plain and clear, those who disbelieve say of the truth when it has come to them, “This is obviously magic.”"
    },
    {
      "verseNumber": 8,
      "verseString": "أَمْ يَقُولُونَ افْتَرَاهُ ۖ قُلْ إِنِ افْتَرَيْتُهُ فَلَا تَمْلِكُونَ لِي مِنَ اللَّهِ شَيْئًا ۖ هُوَ أَعْلَمُ بِمَا تُفِيضُونَ فِيهِ ۖ كَفَىٰ بِهِ شَهِيدًا بَيْنِي وَبَيْنَكُمْ ۖ وَهُوَ الْغَفُورُ الرَّحِيمُ",
      "verseStringB": "Or do they say, “He made it up”? Say, “If I made it up, there is nothing you can do to protect me from Allah. He knows well what you are engaged in. He is enough as a witness between me and you. He is the Forgiving, the Merciful.”"
    },
    {
      "verseNumber": 9,
      "verseString": "قُلْ مَا كُنْتُ بِدْعًا مِنَ الرُّسُلِ وَمَا أَدْرِي مَا يُفْعَلُ بِي وَلَا بِكُمْ ۖ إِنْ أَتَّبِعُ إِلَّا مَا يُوحَىٰ إِلَيَّ وَمَا أَنَا إِلَّا نَذِيرٌ مُبِينٌ",
      "verseStringB": "Say, “I am no different from the other messengers, nor do I know what will be done with me or with you. I only follow what is inspired in me, and I am only a clear warner.”"
    },
    {
      "verseNumber": 10,
      "verseString": "قُلْ أَرَأَيْتُمْ إِنْ كَانَ مِنْ عِنْدِ اللَّهِ وَكَفَرْتُمْ بِهِ وَشَهِدَ شَاهِدٌ مِنْ بَنِي إِسْرَائِيلَ عَلَىٰ مِثْلِهِ فَآمَنَ وَاسْتَكْبَرْتُمْ ۖ إِنَّ اللَّهَ لَا يَهْدِي الْقَوْمَ الظَّالِمِينَ",
      "verseStringB": "Say, “Have you considered, if it is from Allah, and you disbelieve in it, although a witness from the Children of Israel testified to its like, and has believed, while you turned arrogant? Surely Allah does not guide the unjust people.”"
    },
    {
      "verseNumber": 11,
      "verseString": "وَقَالَ الَّذِينَ كَفَرُوا لِلَّذِينَ آمَنُوا لَوْ كَانَ خَيْرًا مَا سَبَقُونَا إِلَيْهِ ۚ وَإِذْ لَمْ يَهْتَدُوا بِهِ فَسَيَقُولُونَ هَٰذَا إِفْكٌ قَدِيمٌ",
      "verseStringB": "Those who disbelieve say to those who believe, “If it were anything good, they would not have preceded us to it.” And since they were not guided by it, they will say, “This is an old lie.”"
    },
    {
      "verseNumber": 12,
      "verseString": "وَمِنْ قَبْلِهِ كِتَابُ مُوسَىٰ إِمَامًا وَرَحْمَةً ۚ وَهَٰذَا كِتَابٌ مُصَدِّقٌ لِسَانًا عَرَبِيًّا لِيُنْذِرَ الَّذِينَ ظَلَمُوا وَبُشْرَىٰ لِلْمُحْسِنِينَ",
      "verseStringB": "And before it, the Book of Moses—a guide and mercy. And this is a confirming Book, in the Arabic language, to warn those who do wrong—and good news for the doers of good."
    },
    {
      "verseNumber": 13,
      "verseString": "إِنَّ الَّذِينَ قَالُوا رَبُّنَا اللَّهُ ثُمَّ اسْتَقَامُوا فَلَا خَوْفٌ عَلَيْهِمْ وَلَا هُمْ يَحْزَنُونَ",
      "verseStringB": "Those who say, “Our Lord is Allah,” then lead a righteous life—they have nothing to fear, nor shall they grieve."
    },
    {
      "verseNumber": 14,
      "verseString": "أُولَٰئِكَ أَصْحَابُ الْجَنَّةِ خَالِدِينَ فِيهَا جَزَاءً بِمَا كَانُوا يَعْمَلُونَ",
      "verseStringB": "These are the inhabitants of the Garden, where they will remain forever—a reward for what they used to do."
    },
    {
      "verseNumber": 15,
      "verseString": "وَوَصَّيْنَا الْإِنْسَانَ بِوَالِدَيْهِ إِحْسَانًا ۖ حَمَلَتْهُ أُمُّهُ كُرْهًا وَوَضَعَتْهُ كُرْهًا ۖ وَحَمْلُهُ وَفِصَالُهُ ثَلَاثُونَ شَهْرًا ۚ حَتَّىٰ إِذَا بَلَغَ أَشُدَّهُ وَبَلَغَ أَرْبَعِينَ سَنَةً قَالَ رَبِّ أَوْزِعْنِي أَنْ أَشْكُرَ نِعْمَتَكَ الَّتِي أَنْعَمْتَ عَلَيَّ وَعَلَىٰ وَالِدَيَّ وَأَنْ أَعْمَلَ صَالِحًا تَرْضَاهُ وَأَصْلِحْ لِي فِي ذُرِّيَّتِي ۖ إِنِّي تُبْتُ إِلَيْكَ وَإِنِّي مِنَ الْمُسْلِمِينَ",
      "verseStringB": "We have instructed the human being to kindness to his parents. His mother carried him with difficulty, and she delivered him with difficulty. His bearing and weaning take thirty months. Until, when he has reached his prime at the age of forty, he says, “My Lord, enable me to appreciate the blessings You have bestowed upon me and upon my parents, and to act with righteousness, pleasing You. And improve my children for me. I have sincerely repented to You, and I am of those who submit.”"
    },
    {
      "verseNumber": 16,
      "verseString": "أُولَٰئِكَ الَّذِينَ نَتَقَبَّلُ عَنْهُمْ أَحْسَنَ مَا عَمِلُوا وَنَتَجَاوَزُ عَنْ سَيِّئَاتِهِمْ فِي أَصْحَابِ الْجَنَّةِ ۖ وَعْدَ الصِّدْقِ الَّذِي كَانُوا يُوعَدُونَ",
      "verseStringB": "Those are they from whom We accept the best of their deeds, and We overlook their misdeeds—among the inhabitants of Paradise—the promise of truth which they are promised."
    },
    {
      "verseNumber": 17,
      "verseString": "وَالَّذِي قَالَ لِوَالِدَيْهِ أُفٍّ لَكُمَا أَتَعِدَانِنِي أَنْ أُخْرَجَ وَقَدْ خَلَتِ الْقُرُونُ مِنْ قَبْلِي وَهُمَا يَسْتَغِيثَانِ اللَّهَ وَيْلَكَ آمِنْ إِنَّ وَعْدَ اللَّهِ حَقٌّ فَيَقُولُ مَا هَٰذَا إِلَّا أَسَاطِيرُ الْأَوَّلِينَ",
      "verseStringB": "As for him who says to his parents, “Enough of you! Are you warning me that I will be raised up—when generations before me have passed away?” While they cry to Allah for help, “Woe to you! Believe! The promise of Allah is true!” But he says, “These are nothing but tales of the ancients.”"
    },
    {
      "verseNumber": 18,
      "verseString": "أُولَٰئِكَ الَّذِينَ حَقَّ عَلَيْهِمُ الْقَوْلُ فِي أُمَمٍ قَدْ خَلَتْ مِنْ قَبْلِهِمْ مِنَ الْجِنِّ وَالْإِنْسِ ۖ إِنَّهُمْ كَانُوا خَاسِرِينَ",
      "verseStringB": "Those are they upon whom the verdict is justified, among communities that passed away before them, of jinn and humans. They are truly losers."
    },
    {
      "verseNumber": 19,
      "verseString": "وَلِكُلٍّ دَرَجَاتٌ مِمَّا عَمِلُوا ۖ وَلِيُوَفِّيَهُمْ أَعْمَالَهُمْ وَهُمْ لَا يُظْلَمُونَ",
      "verseStringB": "There are ranks for everyone, according to what they did, and He will repay them for their works in full, and they will not be wronged."
    },
    {
      "verseNumber": 20,
      "verseString": "وَيَوْمَ يُعْرَضُ الَّذِينَ كَفَرُوا عَلَى النَّارِ أَذْهَبْتُمْ طَيِّبَاتِكُمْ فِي حَيَاتِكُمُ الدُّنْيَا وَاسْتَمْتَعْتُمْ بِهَا فَالْيَوْمَ تُجْزَوْنَ عَذَابَ الْهُونِ بِمَا كُنْتُمْ تَسْتَكْبِرُونَ فِي الْأَرْضِ بِغَيْرِ الْحَقِّ وَبِمَا كُنْتُمْ تَفْسُقُونَ",
      "verseStringB": "On the Day when the faithless are paraded before the Fire: “You have squandered your good things in your worldly life, and you took pleasure in them. So today you are being repaid with the torment of shame, because of your arrogance on earth with no right, and because you used to sin.”"
    },
    {
      "verseNumber": 21,
      "verseString": "وَاذْكُرْ أَخَا عَادٍ إِذْ أَنْذَرَ قَوْمَهُ بِالْأَحْقَافِ وَقَدْ خَلَتِ النُّذُرُ مِنْ بَيْنِ يَدَيْهِ وَمِنْ خَلْفِهِ أَلَّا تَعْبُدُوا إِلَّا اللَّهَ إِنِّي أَخَافُ عَلَيْكُمْ عَذَابَ يَوْمٍ عَظِيمٍ",
      "verseStringB": "And mention Aad’s brother, when he warned his people at the dunes. While other warners have passed before him and after him: “Worship none but Allah; I fear for you the punishment of a tremendous Day.”"
    },
    {
      "verseNumber": 22,
      "verseString": "قَالُوا أَجِئْتَنَا لِتَأْفِكَنَا عَنْ آلِهَتِنَا فَأْتِنَا بِمَا تَعِدُنَا إِنْ كُنْتَ مِنَ الصَّادِقِينَ",
      "verseStringB": "They said, “Did you come to us to divert us from our gods? Then bring us what you threaten us with—if you are truthful.”"
    },
    {
      "verseNumber": 23,
      "verseString": "قَالَ إِنَّمَا الْعِلْمُ عِنْدَ اللَّهِ وَأُبَلِّغُكُمْ مَا أُرْسِلْتُ بِهِ وَلَٰكِنِّي أَرَاكُمْ قَوْمًا تَجْهَلُونَ",
      "verseStringB": "He said, “Knowledge is only with Allah, and I convey to you what I was sent with, but I see that you are ignorant people.”"
    },
    {
      "verseNumber": 24,
      "verseString": "فَلَمَّا رَأَوْهُ عَارِضًا مُسْتَقْبِلَ أَوْدِيَتِهِمْ قَالُوا هَٰذَا عَارِضٌ مُمْطِرُنَا ۚ بَلْ هُوَ مَا اسْتَعْجَلْتُمْ بِهِ ۖ رِيحٌ فِيهَا عَذَابٌ أَلِيمٌ",
      "verseStringB": "And when they saw a cloud approaching their valleys, they said, “This is a cloud bringing us rain.” In fact, it is what you were impatient for: a wind in which is grievous suffering."
    },
    {
      "verseNumber": 25,
      "verseString": "تُدَمِّرُ كُلَّ شَيْءٍ بِأَمْرِ رَبِّهَا فَأَصْبَحُوا لَا يُرَىٰ إِلَّا مَسَاكِنُهُمْ ۚ كَذَٰلِكَ نَجْزِي الْقَوْمَ الْمُجْرِمِينَ",
      "verseStringB": "It will destroy everything by the command of its Lord. And when the morning came upon them, there was nothing to be seen except their dwellings. Thus We repay the criminal people."
    },
    {
      "verseNumber": 26,
      "verseString": "وَلَقَدْ مَكَّنَّاهُمْ فِيمَا إِنْ مَكَّنَّاكُمْ فِيهِ وَجَعَلْنَا لَهُمْ سَمْعًا وَأَبْصَارًا وَأَفْئِدَةً فَمَا أَغْنَىٰ عَنْهُمْ سَمْعُهُمْ وَلَا أَبْصَارُهُمْ وَلَا أَفْئِدَتُهُمْ مِنْ شَيْءٍ إِذْ كَانُوا يَجْحَدُونَ بِآيَاتِ اللَّهِ وَحَاقَ بِهِمْ مَا كَانُوا بِهِ يَسْتَهْزِئُونَ",
      "verseStringB": "We had empowered them in the same way We empowered you. And We gave them hearing, sight, and minds. But neither their hearing, nor their sight, nor their minds availed them in any way. That is because they disregarded Allah’s revelations. And what they used to ridicule surrounded them."
    },
    {
      "verseNumber": 27,
      "verseString": "وَلَقَدْ أَهْلَكْنَا مَا حَوْلَكُمْ مِنَ الْقُرَىٰ وَصَرَّفْنَا الْآيَاتِ لَعَلَّهُمْ يَرْجِعُونَ",
      "verseStringB": "We have destroyed many societies around you, and We diversified the signs, so that they may return."
    },
    {
      "verseNumber": 28,
      "verseString": "فَلَوْلَا نَصَرَهُمُ الَّذِينَ اتَّخَذُوا مِنْ دُونِ اللَّهِ قُرْبَانًا آلِهَةً ۖ بَلْ ضَلُّوا عَنْهُمْ ۚ وَذَٰلِكَ إِفْكُهُمْ وَمَا كَانُوا يَفْتَرُونَ",
      "verseStringB": "Then why did the idols, whom they worshiped as means of nearness to Allah, not help them? In fact, they failed them. It was their lie—a fabrication of their own making."
    },
    {
      "verseNumber": 29,
      "verseString": "وَإِذْ صَرَفْنَا إِلَيْكَ نَفَرًا مِنَ الْجِنِّ يَسْتَمِعُونَ الْقُرْآنَ فَلَمَّا حَضَرُوهُ قَالُوا أَنْصِتُوا ۖ فَلَمَّا قُضِيَ وَلَّوْا إِلَىٰ قَوْمِهِمْ مُنْذِرِينَ",
      "verseStringB": "And when We dispatched towards you a number of jinns, listening to the Quran. When they came in its presence, they said, “Pay attention!” Then, when it was concluded, they went back to their people, warning them."
    },
    {
      "verseNumber": 30,
      "verseString": "قَالُوا يَا قَوْمَنَا إِنَّا سَمِعْنَا كِتَابًا أُنْزِلَ مِنْ بَعْدِ مُوسَىٰ مُصَدِّقًا لِمَا بَيْنَ يَدَيْهِ يَهْدِي إِلَى الْحَقِّ وَإِلَىٰ طَرِيقٍ مُسْتَقِيمٍ",
      "verseStringB": "They said, “O, our people! We have heard a Scripture, revealed after Moses, confirming what came before it. It guides to the Truth, and to a straight road."
    },
    {
      "verseNumber": 31,
      "verseString": "يَا قَوْمَنَا أَجِيبُوا دَاعِيَ اللَّهِ وَآمِنُوا بِهِ يَغْفِرْ لَكُمْ مِنْ ذُنُوبِكُمْ وَيُجِرْكُمْ مِنْ عَذَابٍ أَلِيمٍ",
      "verseStringB": "O, our people! Answer the caller to Allah, and believe in Him, and He will forgive you some of your sins, and He will protect you from a painful punishment.”"
    },
    {
      "verseNumber": 32,
      "verseString": "وَمَنْ لَا يُجِبْ دَاعِيَ اللَّهِ فَلَيْسَ بِمُعْجِزٍ فِي الْأَرْضِ وَلَيْسَ لَهُ مِنْ دُونِهِ أَوْلِيَاءُ ۚ أُولَٰئِكَ فِي ضَلَالٍ مُبِينٍ",
      "verseStringB": "Whoever does not answer Allah’s caller will have no escape on earth, and there is no protector for him other than Him. These are in obvious error."
    },
    {
      "verseNumber": 33,
      "verseString": "أَوَلَمْ يَرَوْا أَنَّ اللَّهَ الَّذِي خَلَقَ السَّمَاوَاتِ وَالْأَرْضَ وَلَمْ يَعْيَ بِخَلْقِهِنَّ بِقَادِرٍ عَلَىٰ أَنْ يُحْيِيَ الْمَوْتَىٰ ۚ بَلَىٰ إِنَّهُ عَلَىٰ كُلِّ شَيْءٍ قَدِيرٌ",
      "verseStringB": "Do they not realize, that Allah, who created the heavens and the earth, and was never tired by creating them, is able to revive the dead? Yes, indeed—He is Capable of everything."
    },
    {
      "verseNumber": 34,
      "verseString": "وَيَوْمَ يُعْرَضُ الَّذِينَ كَفَرُوا عَلَى النَّارِ أَلَيْسَ هَٰذَا بِالْحَقِّ ۖ قَالُوا بَلَىٰ وَرَبِّنَا ۚ قَالَ فَذُوقُوا الْعَذَابَ بِمَا كُنْتُمْ تَكْفُرُونَ",
      "verseStringB": "On the Day when those who disbelieved are presented to the Fire: “Is this not real?” They will say, “Yes indeed, by our Lord.” He will say, “Then taste the suffering for having disbelieved.”"
    },
    {
      "verseNumber": 35,
      "verseString": "فَاصْبِرْ كَمَا صَبَرَ أُولُو الْعَزْمِ مِنَ الرُّسُلِ وَلَا تَسْتَعْجِلْ لَهُمْ ۚ كَأَنَّهُمْ يَوْمَ يَرَوْنَ مَا يُوعَدُونَ لَمْ يَلْبَثُوا إِلَّا سَاعَةً مِنْ نَهَارٍ ۚ بَلَاغٌ ۚ فَهَلْ يُهْلَكُ إِلَّا الْقَوْمُ الْفَاسِقُونَ",
      "verseStringB": "So be patient, as the messengers with resolve were patient, and do not be hasty regarding them. On the Day when they witness what they are promised: as if they only stayed for an hour of a day. A proclamation! Will any be destroyed, except the sinful people?"
    }
  ],
  "nameEnglish": "The Dunes",
  "nameTrans": "al-Ahqaf",
  "nameArabic": "الأحقاف",
  "chapterNumber": 46,
  "nVerses": 35
}