{
  "verses": [
    {
      "verseNumber": 0,
      "verseString": "بِسْمِ اللَّهِ الرَّحْمَٰنِ الرَّحِيمِ",
      "verseStringB": "In the name of Allah, the Compassionate, the Merciful."
    },
    {
      "verseNumber": 1,
      "verseString": "وَالطُّورِ",
      "verseStringB": "By the Mount."
    },
    {
      "verseNumber": 2,
      "verseString": "وَكِتَابٍ مَسْطُورٍ",
      "verseStringB": "And a Book inscribed."
    },
    {
      "verseNumber": 3,
      "verseString": "فِي رَقٍّ مَنْشُورٍ",
      "verseStringB": "In a published scroll."
    },
    {
      "verseNumber": 4,
      "verseString": "وَالْبَيْتِ الْمَعْمُورِ",
      "verseStringB": "And the frequented House."
    },
    {
      "verseNumber": 5,
      "verseString": "وَالسَّقْفِ الْمَرْفُوعِ",
      "verseStringB": "And the elevated roof."
    },
    {
      "verseNumber": 6,
      "verseString": "وَالْبَحْرِ الْمَسْجُورِ",
      "verseStringB": "And the seething sea."
    },
    {
      "verseNumber": 7,
      "verseString": "إِنَّ عَذَابَ رَبِّكَ لَوَاقِعٌ",
      "verseStringB": "Your Lord’s punishment will occur."
    },
    {
      "verseNumber": 8,
      "verseString": "مَا لَهُ مِنْ دَافِعٍ",
      "verseStringB": "There is none to prevent it."
    },
    {
      "verseNumber": 9,
      "verseString": "يَوْمَ تَمُورُ السَّمَاءُ مَوْرًا",
      "verseStringB": "On the Day when the sky sways in agitation."
    },
    {
      "verseNumber": 10,
      "verseString": "وَتَسِيرُ الْجِبَالُ سَيْرًا",
      "verseStringB": "And the mountains go into motion."
    },
    {
      "verseNumber": 11,
      "verseString": "فَوَيْلٌ يَوْمَئِذٍ لِلْمُكَذِّبِينَ",
      "verseStringB": "Woe on that Day to the deniers."
    },
    {
      "verseNumber": 12,
      "verseString": "الَّذِينَ هُمْ فِي خَوْضٍ يَلْعَبُونَ",
      "verseStringB": "Those who play with speculation."
    },
    {
      "verseNumber": 13,
      "verseString": "يَوْمَ يُدَعُّونَ إِلَىٰ نَارِ جَهَنَّمَ دَعًّا",
      "verseStringB": "The Day when they are shoved forcefully into the Fire of Gehenna."
    },
    {
      "verseNumber": 14,
      "verseString": "هَٰذِهِ النَّارُ الَّتِي كُنْتُمْ بِهَا تُكَذِّبُونَ",
      "verseStringB": "“This is the Fire that you used to deny."
    },
    {
      "verseNumber": 15,
      "verseString": "أَفَسِحْرٌ هَٰذَا أَمْ أَنْتُمْ لَا تُبْصِرُونَ",
      "verseStringB": "Is this magic, or do you not see?"
    },
    {
      "verseNumber": 16,
      "verseString": "اصْلَوْهَا فَاصْبِرُوا أَوْ لَا تَصْبِرُوا سَوَاءٌ عَلَيْكُمْ ۖ إِنَّمَا تُجْزَوْنَ مَا كُنْتُمْ تَعْمَلُونَ",
      "verseStringB": "Burn in it. Be patient, or impatient, it is the same for you. You are only being penalized for what you used to do.”"
    },
    {
      "verseNumber": 17,
      "verseString": "إِنَّ الْمُتَّقِينَ فِي جَنَّاتٍ وَنَعِيمٍ",
      "verseStringB": "The righteous will be amid Gardens and bliss."
    },
    {
      "verseNumber": 18,
      "verseString": "فَاكِهِينَ بِمَا آتَاهُمْ رَبُّهُمْ وَوَقَاهُمْ رَبُّهُمْ عَذَابَ الْجَحِيمِ",
      "verseStringB": "Enjoying what their Lord has given them, and their Lord has spared them the suffering of Hell."
    },
    {
      "verseNumber": 19,
      "verseString": "كُلُوا وَاشْرَبُوا هَنِيئًا بِمَا كُنْتُمْ تَعْمَلُونَ",
      "verseStringB": "Eat and drink joyfully, because of what you used to do."
    },
    {
      "verseNumber": 20,
      "verseString": "مُتَّكِئِينَ عَلَىٰ سُرُرٍ مَصْفُوفَةٍ ۖ وَزَوَّجْنَاهُمْ بِحُورٍ عِينٍ",
      "verseStringB": "Relaxing on arrayed furniture, We will couple them with gorgeous spouses."
    },
    {
      "verseNumber": 21,
      "verseString": "وَالَّذِينَ آمَنُوا وَاتَّبَعَتْهُمْ ذُرِّيَّتُهُمْ بِإِيمَانٍ أَلْحَقْنَا بِهِمْ ذُرِّيَّتَهُمْ وَمَا أَلَتْنَاهُمْ مِنْ عَمَلِهِمْ مِنْ شَيْءٍ ۚ كُلُّ امْرِئٍ بِمَا كَسَبَ رَهِينٌ",
      "verseStringB": "Those who believed and whose descendants followed them in faith: We will unite them with their descendants, and We will not deprive them of any of their works. Every person is a hostage to what he has earned."
    },
    {
      "verseNumber": 22,
      "verseString": "وَأَمْدَدْنَاهُمْ بِفَاكِهَةٍ وَلَحْمٍ مِمَّا يَشْتَهُونَ",
      "verseStringB": "And We will supply them with fruit, and meat, as they desire."
    },
    {
      "verseNumber": 23,
      "verseString": "يَتَنَازَعُونَ فِيهَا كَأْسًا لَا لَغْوٌ فِيهَا وَلَا تَأْثِيمٌ",
      "verseStringB": "They will pass around a cup which leads to no-nonsense, nor sinfulness."
    },
    {
      "verseNumber": 24,
      "verseString": "وَيَطُوفُ عَلَيْهِمْ غِلْمَانٌ لَهُمْ كَأَنَّهُمْ لُؤْلُؤٌ مَكْنُونٌ",
      "verseStringB": "Circulating among them to serve them will be youths, like hidden pearls."
    },
    {
      "verseNumber": 25,
      "verseString": "وَأَقْبَلَ بَعْضُهُمْ عَلَىٰ بَعْضٍ يَتَسَاءَلُونَ",
      "verseStringB": "They will approach one another, inquiring."
    },
    {
      "verseNumber": 26,
      "verseString": "قَالُوا إِنَّا كُنَّا قَبْلُ فِي أَهْلِنَا مُشْفِقِينَ",
      "verseStringB": "They will say, “Before this, we were fearful for our families."
    },
    {
      "verseNumber": 27,
      "verseString": "فَمَنَّ اللَّهُ عَلَيْنَا وَوَقَانَا عَذَابَ السَّمُومِ",
      "verseStringB": "But Allah has blessed us, and He spared us the suffering of the Fiery Winds."
    },
    {
      "verseNumber": 28,
      "verseString": "إِنَّا كُنَّا مِنْ قَبْلُ نَدْعُوهُ ۖ إِنَّهُ هُوَ الْبَرُّ الرَّحِيمُ",
      "verseStringB": "Before this, we used to pray to Him. He is the Good, the Merciful.”"
    },
    {
      "verseNumber": 29,
      "verseString": "فَذَكِّرْ فَمَا أَنْتَ بِنِعْمَتِ رَبِّكَ بِكَاهِنٍ وَلَا مَجْنُونٍ",
      "verseStringB": "So remind. By the grace of your Lord, you are neither an oracle nor a madman."
    },
    {
      "verseNumber": 30,
      "verseString": "أَمْ يَقُولُونَ شَاعِرٌ نَتَرَبَّصُ بِهِ رَيْبَ الْمَنُونِ",
      "verseStringB": "Or do they say, “A poet—we anticipate for him a calamity of time.”"
    },
    {
      "verseNumber": 31,
      "verseString": "قُلْ تَرَبَّصُوا فَإِنِّي مَعَكُمْ مِنَ الْمُتَرَبِّصِينَ",
      "verseStringB": "Say, “Go on waiting; I am waiting with you.”"
    },
    {
      "verseNumber": 32,
      "verseString": "أَمْ تَأْمُرُهُمْ أَحْلَامُهُمْ بِهَٰذَا ۚ أَمْ هُمْ قَوْمٌ طَاغُونَ",
      "verseStringB": "Or is it their dreams compelling them to this? Or are they transgressing people?"
    },
    {
      "verseNumber": 33,
      "verseString": "أَمْ يَقُولُونَ تَقَوَّلَهُ ۚ بَلْ لَا يُؤْمِنُونَ",
      "verseStringB": "Or do they say, “He made it up”? In fact, they have no faith."
    },
    {
      "verseNumber": 34,
      "verseString": "فَلْيَأْتُوا بِحَدِيثٍ مِثْلِهِ إِنْ كَانُوا صَادِقِينَ",
      "verseStringB": "So let them produce a discourse like it—if they are truthful."
    },
    {
      "verseNumber": 35,
      "verseString": "أَمْ خُلِقُوا مِنْ غَيْرِ شَيْءٍ أَمْ هُمُ الْخَالِقُونَ",
      "verseStringB": "Or were they created from nothing? Or are they the creators?"
    },
    {
      "verseNumber": 36,
      "verseString": "أَمْ خَلَقُوا السَّمَاوَاتِ وَالْأَرْضَ ۚ بَلْ لَا يُوقِنُونَ",
      "verseStringB": "Or did they create the heavens and the earth? In fact, they are not certain."
    },
    {
      "verseNumber": 37,
      "verseString": "أَمْ عِنْدَهُمْ خَزَائِنُ رَبِّكَ أَمْ هُمُ الْمُصَيْطِرُونَ",
      "verseStringB": "Or do they possess the treasuries of your Lord? Or are they the controllers?"
    },
    {
      "verseNumber": 38,
      "verseString": "أَمْ لَهُمْ سُلَّمٌ يَسْتَمِعُونَ فِيهِ ۖ فَلْيَأْتِ مُسْتَمِعُهُمْ بِسُلْطَانٍ مُبِينٍ",
      "verseStringB": "Or do they have a stairway by means of which they listen? Then let their listener produce a clear proof."
    },
    {
      "verseNumber": 39,
      "verseString": "أَمْ لَهُ الْبَنَاتُ وَلَكُمُ الْبَنُونَ",
      "verseStringB": "Or for Him the daughters, and for you the sons?"
    },
    {
      "verseNumber": 40,
      "verseString": "أَمْ تَسْأَلُهُمْ أَجْرًا فَهُمْ مِنْ مَغْرَمٍ مُثْقَلُونَ",
      "verseStringB": "Or do you demand payment from them, and they are burdened by debt?"
    },
    {
      "verseNumber": 41,
      "verseString": "أَمْ عِنْدَهُمُ الْغَيْبُ فَهُمْ يَكْتُبُونَ",
      "verseStringB": "Or do they know the future, and they write it down?"
    },
    {
      "verseNumber": 42,
      "verseString": "أَمْ يُرِيدُونَ كَيْدًا ۖ فَالَّذِينَ كَفَرُوا هُمُ الْمَكِيدُونَ",
      "verseStringB": "Or are they plotting a conspiracy? The conspiracy will fall back on the unbelievers."
    },
    {
      "verseNumber": 43,
      "verseString": "أَمْ لَهُمْ إِلَٰهٌ غَيْرُ اللَّهِ ۚ سُبْحَانَ اللَّهِ عَمَّا يُشْرِكُونَ",
      "verseStringB": "Or do they have a god other than Allah? Glory be to Allah, above the partners they ascribe."
    },
    {
      "verseNumber": 44,
      "verseString": "وَإِنْ يَرَوْا كِسْفًا مِنَ السَّمَاءِ سَاقِطًا يَقُولُوا سَحَابٌ مَرْكُومٌ",
      "verseStringB": "And were they to see a piece of the sky falling, they would say, “A heap of clouds.”"
    },
    {
      "verseNumber": 45,
      "verseString": "فَذَرْهُمْ حَتَّىٰ يُلَاقُوا يَوْمَهُمُ الَّذِي فِيهِ يُصْعَقُونَ",
      "verseStringB": "So leave them until they meet their Day when they will be stunned."
    },
    {
      "verseNumber": 46,
      "verseString": "يَوْمَ لَا يُغْنِي عَنْهُمْ كَيْدُهُمْ شَيْئًا وَلَا هُمْ يُنْصَرُونَ",
      "verseStringB": "The Day when their ploys will avail them nothing, and they will not be helped."
    },
    {
      "verseNumber": 47,
      "verseString": "وَإِنَّ لِلَّذِينَ ظَلَمُوا عَذَابًا دُونَ ذَٰلِكَ وَلَٰكِنَّ أَكْثَرَهُمْ لَا يَعْلَمُونَ",
      "verseStringB": "For those who do wrong, there is a punishment besides that, but most of them do not know."
    },
    {
      "verseNumber": 48,
      "verseString": "وَاصْبِرْ لِحُكْمِ رَبِّكَ فَإِنَّكَ بِأَعْيُنِنَا ۖ وَسَبِّحْ بِحَمْدِ رَبِّكَ حِينَ تَقُومُ",
      "verseStringB": "So patiently await your Lord’s decision—you are before Our Eyes. And proclaim your Lord’s praises when you arise."
    },
    {
      "verseNumber": 49,
      "verseString": "وَمِنَ اللَّيْلِ فَسَبِّحْهُ وَإِدْبَارَ النُّجُومِ",
      "verseStringB": "And glorify Him during the night, and at the receding of the stars."
    }
  ],
  "nameEnglish": "The Mount",
  "nameTrans": "at-Tur",
  "nameArabic": "الـطور",
  "chapterNumber": 52,
  "nVerses": 49
}