{
  "verses": [
    {
      "verseNumber": 0,
      "verseString": "بِسْمِ اللَّهِ الرَّحْمَٰنِ الرَّحِيمِ",
      "verseStringB": "In the name of Allah, the Compassionate, the Merciful."
    },
    {
      "verseNumber": 1,
      "verseString": "اقْتَرَبَتِ السَّاعَةُ وَانْشَقَّ الْقَمَرُ",
      "verseStringB": "The Hour has drawn near, and the moon has split."
    },
    {
      "verseNumber": 2,
      "verseString": "وَإِنْ يَرَوْا آيَةً يُعْرِضُوا وَيَقُولُوا سِحْرٌ مُسْتَمِرٌّ",
      "verseStringB": "Yet whenever they see a sign, they turn away, and say, “Continuous magic.”"
    },
    {
      "verseNumber": 3,
      "verseString": "وَكَذَّبُوا وَاتَّبَعُوا أَهْوَاءَهُمْ ۚ وَكُلُّ أَمْرٍ مُسْتَقِرٌّ",
      "verseStringB": "They lied and followed their desires, but everything has its time."
    },
    {
      "verseNumber": 4,
      "verseString": "وَلَقَدْ جَاءَهُمْ مِنَ الْأَنْبَاءِ مَا فِيهِ مُزْدَجَرٌ",
      "verseStringB": "And there came to them news containing deterrent."
    },
    {
      "verseNumber": 5,
      "verseString": "حِكْمَةٌ بَالِغَةٌ ۖ فَمَا تُغْنِ النُّذُرُ",
      "verseStringB": "Profound wisdom—but warnings are of no avail."
    },
    {
      "verseNumber": 6,
      "verseString": "فَتَوَلَّ عَنْهُمْ ۘ يَوْمَ يَدْعُ الدَّاعِ إِلَىٰ شَيْءٍ نُكُرٍ",
      "verseStringB": "So turn away from them. On the Day when the Caller calls to something terrible."
    },
    {
      "verseNumber": 7,
      "verseString": "خُشَّعًا أَبْصَارُهُمْ يَخْرُجُونَ مِنَ الْأَجْدَاثِ كَأَنَّهُمْ جَرَادٌ مُنْتَشِرٌ",
      "verseStringB": "Their eyes downcast, they will emerge from the graves, as if they were swarming locusts."
    },
    {
      "verseNumber": 8,
      "verseString": "مُهْطِعِينَ إِلَى الدَّاعِ ۖ يَقُولُ الْكَافِرُونَ هَٰذَا يَوْمٌ عَسِرٌ",
      "verseStringB": "Scrambling towards the Caller. The unbelievers will say, “This is a difficult Day.”"
    },
    {
      "verseNumber": 9,
      "verseString": "كَذَّبَتْ قَبْلَهُمْ قَوْمُ نُوحٍ فَكَذَّبُوا عَبْدَنَا وَقَالُوا مَجْنُونٌ وَازْدُجِرَ",
      "verseStringB": "The people of Noah denied before them. They rejected Our servant, and said, “Possessed!,” and he was intimidated."
    },
    {
      "verseNumber": 10,
      "verseString": "فَدَعَا رَبَّهُ أَنِّي مَغْلُوبٌ فَانْتَصِرْ",
      "verseStringB": "So he appealed to his Lord, “I am overwhelmed, so help me.”"
    },
    {
      "verseNumber": 11,
      "verseString": "فَفَتَحْنَا أَبْوَابَ السَّمَاءِ بِمَاءٍ مُنْهَمِرٍ",
      "verseStringB": "So We opened the gates of heaven, with water pouring down."
    },
    {
      "verseNumber": 12,
      "verseString": "وَفَجَّرْنَا الْأَرْضَ عُيُونًا فَالْتَقَى الْمَاءُ عَلَىٰ أَمْرٍ قَدْ قُدِرَ",
      "verseStringB": "And We made the earth burst with springs, and the waters joined for a purpose already destined."
    },
    {
      "verseNumber": 13,
      "verseString": "وَحَمَلْنَاهُ عَلَىٰ ذَاتِ أَلْوَاحٍ وَدُسُرٍ",
      "verseStringB": "And We carried him on a craft of planks and nails."
    },
    {
      "verseNumber": 14,
      "verseString": "تَجْرِي بِأَعْيُنِنَا جَزَاءً لِمَنْ كَانَ كُفِرَ",
      "verseStringB": "Sailing before Our eyes—a reward for him who was rejected."
    },
    {
      "verseNumber": 15,
      "verseString": "وَلَقَدْ تَرَكْنَاهَا آيَةً فَهَلْ مِنْ مُدَّكِرٍ",
      "verseStringB": "And We left it as a sign. Is there anyone who would be mindful?"
    },
    {
      "verseNumber": 16,
      "verseString": "فَكَيْفَ كَانَ عَذَابِي وَنُذُرِ",
      "verseStringB": "So how were My punishment and My warnings?"
    },
    {
      "verseNumber": 17,
      "verseString": "وَلَقَدْ يَسَّرْنَا الْقُرْآنَ لِلذِّكْرِ فَهَلْ مِنْ مُدَّكِرٍ",
      "verseStringB": "We made the Quran easy to learn. Is there anyone who would learn?"
    },
    {
      "verseNumber": 18,
      "verseString": "كَذَّبَتْ عَادٌ فَكَيْفَ كَانَ عَذَابِي وَنُذُرِ",
      "verseStringB": "Aad denied the truth. So how were My punishment and My warnings?"
    },
    {
      "verseNumber": 19,
      "verseString": "إِنَّا أَرْسَلْنَا عَلَيْهِمْ رِيحًا صَرْصَرًا فِي يَوْمِ نَحْسٍ مُسْتَمِرٍّ",
      "verseStringB": "We unleashed upon them a screaming wind, on a day of unrelenting misery."
    },
    {
      "verseNumber": 20,
      "verseString": "تَنْزِعُ النَّاسَ كَأَنَّهُمْ أَعْجَازُ نَخْلٍ مُنْقَعِرٍ",
      "verseStringB": "Plucking people away, as if they were uprooted palm trunks."
    },
    {
      "verseNumber": 21,
      "verseString": "فَكَيْفَ كَانَ عَذَابِي وَنُذُرِ",
      "verseStringB": "So how were My punishment and My warnings?"
    },
    {
      "verseNumber": 22,
      "verseString": "وَلَقَدْ يَسَّرْنَا الْقُرْآنَ لِلذِّكْرِ فَهَلْ مِنْ مُدَّكِرٍ",
      "verseStringB": "We made the Quran easy to remember. Is there anyone who would remember?"
    },
    {
      "verseNumber": 23,
      "verseString": "كَذَّبَتْ ثَمُودُ بِالنُّذُرِ",
      "verseStringB": "Thamood rejected the warnings."
    },
    {
      "verseNumber": 24,
      "verseString": "فَقَالُوا أَبَشَرًا مِنَّا وَاحِدًا نَتَّبِعُهُ إِنَّا إِذًا لَفِي ضَلَالٍ وَسُعُرٍ",
      "verseStringB": "They said, “Shall we follow a single human being from among us? Then we would be misguided and insane."
    },
    {
      "verseNumber": 25,
      "verseString": "أَأُلْقِيَ الذِّكْرُ عَلَيْهِ مِنْ بَيْنِنَا بَلْ هُوَ كَذَّابٌ أَشِرٌ",
      "verseStringB": "Was the message given to him, out of all of us? In fact, he is a wicked liar.”"
    },
    {
      "verseNumber": 26,
      "verseString": "سَيَعْلَمُونَ غَدًا مَنِ الْكَذَّابُ الْأَشِرُ",
      "verseStringB": "They will know tomorrow who the wicked liar is."
    },
    {
      "verseNumber": 27,
      "verseString": "إِنَّا مُرْسِلُو النَّاقَةِ فِتْنَةً لَهُمْ فَارْتَقِبْهُمْ وَاصْطَبِرْ",
      "verseStringB": "We are sending the female camel as a test for them. So watch them, and be patient."
    },
    {
      "verseNumber": 28,
      "verseString": "وَنَبِّئْهُمْ أَنَّ الْمَاءَ قِسْمَةٌ بَيْنَهُمْ ۖ كُلُّ شِرْبٍ مُحْتَضَرٌ",
      "verseStringB": "And inform them that the water is to be divided among them—each share of drink equitably proportioned."
    },
    {
      "verseNumber": 29,
      "verseString": "فَنَادَوْا صَاحِبَهُمْ فَتَعَاطَىٰ فَعَقَرَ",
      "verseStringB": "But they called their friend, and he dared, and he slaughtered."
    },
    {
      "verseNumber": 30,
      "verseString": "فَكَيْفَ كَانَ عَذَابِي وَنُذُرِ",
      "verseStringB": "So how were My punishment and My warnings?"
    },
    {
      "verseNumber": 31,
      "verseString": "إِنَّا أَرْسَلْنَا عَلَيْهِمْ صَيْحَةً وَاحِدَةً فَكَانُوا كَهَشِيمِ الْمُحْتَظِرِ",
      "verseStringB": "We sent against them a single Scream, and they were like crushed hay."
    },
    {
      "verseNumber": 32,
      "verseString": "وَلَقَدْ يَسَّرْنَا الْقُرْآنَ لِلذِّكْرِ فَهَلْ مِنْ مُدَّكِرٍ",
      "verseStringB": "We made the Quran easy to understand. Is there anyone who would understand?"
    },
    {
      "verseNumber": 33,
      "verseString": "كَذَّبَتْ قَوْمُ لُوطٍ بِالنُّذُرِ",
      "verseStringB": "The people of Lot denied the warnings."
    },
    {
      "verseNumber": 34,
      "verseString": "إِنَّا أَرْسَلْنَا عَلَيْهِمْ حَاصِبًا إِلَّا آلَ لُوطٍ ۖ نَجَّيْنَاهُمْ بِسَحَرٍ",
      "verseStringB": "We unleashed on them a shower of stones, except for Lot’s family; We rescued them at dawn."
    },
    {
      "verseNumber": 35,
      "verseString": "نِعْمَةً مِنْ عِنْدِنَا ۚ كَذَٰلِكَ نَجْزِي مَنْ شَكَرَ",
      "verseStringB": "As a blessing from Us. Thus We reward the thankful."
    },
    {
      "verseNumber": 36,
      "verseString": "وَلَقَدْ أَنْذَرَهُمْ بَطْشَتَنَا فَتَمَارَوْا بِالنُّذُرِ",
      "verseStringB": "And he had warned them of Our onslaught, but they dismissed the warnings."
    },
    {
      "verseNumber": 37,
      "verseString": "وَلَقَدْ رَاوَدُوهُ عَنْ ضَيْفِهِ فَطَمَسْنَا أَعْيُنَهُمْ فَذُوقُوا عَذَابِي وَنُذُرِ",
      "verseStringB": "They even lusted for his guest, so We obliterated their eyes. “So taste My punishment and My warnings.”"
    },
    {
      "verseNumber": 38,
      "verseString": "وَلَقَدْ صَبَّحَهُمْ بُكْرَةً عَذَابٌ مُسْتَقِرٌّ",
      "verseStringB": "Early morning brought upon them lasting punishment."
    },
    {
      "verseNumber": 39,
      "verseString": "فَذُوقُوا عَذَابِي وَنُذُرِ",
      "verseStringB": "So taste My punishment and My warnings."
    },
    {
      "verseNumber": 40,
      "verseString": "وَلَقَدْ يَسَّرْنَا الْقُرْآنَ لِلذِّكْرِ فَهَلْ مِنْ مُدَّكِرٍ",
      "verseStringB": "We made the Quran easy to memorize. Is there anyone who would memorize?"
    },
    {
      "verseNumber": 41,
      "verseString": "وَلَقَدْ جَاءَ آلَ فِرْعَوْنَ النُّذُرُ",
      "verseStringB": "The warnings also came to the people of Pharaoh."
    },
    {
      "verseNumber": 42,
      "verseString": "كَذَّبُوا بِآيَاتِنَا كُلِّهَا فَأَخَذْنَاهُمْ أَخْذَ عَزِيزٍ مُقْتَدِرٍ",
      "verseStringB": "They denied Our signs, all of them. So We seized them with the seizure of an Almighty Omnipotent."
    },
    {
      "verseNumber": 43,
      "verseString": "أَكُفَّارُكُمْ خَيْرٌ مِنْ أُولَٰئِكُمْ أَمْ لَكُمْ بَرَاءَةٌ فِي الزُّبُرِ",
      "verseStringB": "Are your unbelievers better than these? Or do you have some exemption in the scriptures?"
    },
    {
      "verseNumber": 44,
      "verseString": "أَمْ يَقُولُونَ نَحْنُ جَمِيعٌ مُنْتَصِرٌ",
      "verseStringB": "Or do they say, “We are united, and we will be victorious”?"
    },
    {
      "verseNumber": 45,
      "verseString": "سَيُهْزَمُ الْجَمْعُ وَيُوَلُّونَ الدُّبُرَ",
      "verseStringB": "The multitude will be defeated, and they will turn their backs."
    },
    {
      "verseNumber": 46,
      "verseString": "بَلِ السَّاعَةُ مَوْعِدُهُمْ وَالسَّاعَةُ أَدْهَىٰ وَأَمَرُّ",
      "verseStringB": "The Hour is their appointed time—the Hour is most catastrophic and most bitter."
    },
    {
      "verseNumber": 47,
      "verseString": "إِنَّ الْمُجْرِمِينَ فِي ضَلَالٍ وَسُعُرٍ",
      "verseStringB": "The guilty are in confusion and madness."
    },
    {
      "verseNumber": 48,
      "verseString": "يَوْمَ يُسْحَبُونَ فِي النَّارِ عَلَىٰ وُجُوهِهِمْ ذُوقُوا مَسَّ سَقَرَ",
      "verseStringB": "On the Day when they are dragged into the Fire on their faces: “Taste the touch of Saqar.”"
    },
    {
      "verseNumber": 49,
      "verseString": "إِنَّا كُلَّ شَيْءٍ خَلَقْنَاهُ بِقَدَرٍ",
      "verseStringB": "Everything We created is in precise measure."
    },
    {
      "verseNumber": 50,
      "verseString": "وَمَا أَمْرُنَا إِلَّا وَاحِدَةٌ كَلَمْحٍ بِالْبَصَرِ",
      "verseStringB": "And Our command is only once, like the blink of an eye."
    },
    {
      "verseNumber": 51,
      "verseString": "وَلَقَدْ أَهْلَكْنَا أَشْيَاعَكُمْ فَهَلْ مِنْ مُدَّكِرٍ",
      "verseStringB": "And We have destroyed the likes of you. Is there anyone who would ponder?"
    },
    {
      "verseNumber": 52,
      "verseString": "وَكُلُّ شَيْءٍ فَعَلُوهُ فِي الزُّبُرِ",
      "verseStringB": "Everything they have done is in the Records."
    },
    {
      "verseNumber": 53,
      "verseString": "وَكُلُّ صَغِيرٍ وَكَبِيرٍ مُسْتَطَرٌ",
      "verseStringB": "Everything, small and big, is written down."
    },
    {
      "verseNumber": 54,
      "verseString": "إِنَّ الْمُتَّقِينَ فِي جَنَّاتٍ وَنَهَرٍ",
      "verseStringB": "The righteous will be amidst Gardens and rivers."
    },
    {
      "verseNumber": 55,
      "verseString": "فِي مَقْعَدِ صِدْقٍ عِنْدَ مَلِيكٍ مُقْتَدِرٍ",
      "verseStringB": "In an assembly of truth, in the presence of an Omnipotent King."
    }
  ],
  "nameEnglish": "The Moon",
  "nameTrans": "al-Qamar",
  "nameArabic": "الـقمـر",
  "chapterNumber": 54,
  "nVerses": 55
}