{
  "verses": [
    {
      "verseNumber": 0,
      "verseString": "بِسْمِ اللَّهِ الرَّحْمَٰنِ الرَّحِيمِ",
      "verseStringB": "In the name of Allah, the Compassionate, the Merciful."
    },
    {
      "verseNumber": 1,
      "verseString": "يَا أَيُّهَا الَّذِينَ آمَنُوا لَا تَتَّخِذُوا عَدُوِّي وَعَدُوَّكُمْ أَوْلِيَاءَ تُلْقُونَ إِلَيْهِمْ بِالْمَوَدَّةِ وَقَدْ كَفَرُوا بِمَا جَاءَكُمْ مِنَ الْحَقِّ يُخْرِجُونَ الرَّسُولَ وَإِيَّاكُمْ ۙ أَنْ تُؤْمِنُوا بِاللَّهِ رَبِّكُمْ إِنْ كُنْتُمْ خَرَجْتُمْ جِهَادًا فِي سَبِيلِي وَابْتِغَاءَ مَرْضَاتِي ۚ تُسِرُّونَ إِلَيْهِمْ بِالْمَوَدَّةِ وَأَنَا أَعْلَمُ بِمَا أَخْفَيْتُمْ وَمَا أَعْلَنْتُمْ ۚ وَمَنْ يَفْعَلْهُ مِنْكُمْ فَقَدْ ضَلَّ سَوَاءَ السَّبِيلِ",
      "verseStringB": "O you who believe! Do not take My enemies and your enemies for allies, offering them affection, when they have rejected the truth that has come to you. They have expelled the Messenger, and you, because you believed in Allah, your Lord. If you have mobilized to strive for My cause, seeking My approval, how can you show them affection in secret? I know what you conceal and what you disclose. Whoever among you does that has strayed from the right way."
    },
    {
      "verseNumber": 2,
      "verseString": "إِنْ يَثْقَفُوكُمْ يَكُونُوا لَكُمْ أَعْدَاءً وَيَبْسُطُوا إِلَيْكُمْ أَيْدِيَهُمْ وَأَلْسِنَتَهُمْ بِالسُّوءِ وَوَدُّوا لَوْ تَكْفُرُونَ",
      "verseStringB": "If they gain dominance over you, they would treat you as enemies, and unleash their hands and their tongues to hurt you. And they wish you would disbelieve."
    },
    {
      "verseNumber": 3,
      "verseString": "لَنْ تَنْفَعَكُمْ أَرْحَامُكُمْ وَلَا أَوْلَادُكُمْ ۚ يَوْمَ الْقِيَامَةِ يَفْصِلُ بَيْنَكُمْ ۚ وَاللَّهُ بِمَا تَعْمَلُونَ بَصِيرٌ",
      "verseStringB": "Your family relations and your children will not benefit you on the Day of Resurrection; He will separate between you. And Allah is Observant of what you do."
    },
    {
      "verseNumber": 4,
      "verseString": "قَدْ كَانَتْ لَكُمْ أُسْوَةٌ حَسَنَةٌ فِي إِبْرَاهِيمَ وَالَّذِينَ مَعَهُ إِذْ قَالُوا لِقَوْمِهِمْ إِنَّا بُرَآءُ مِنْكُمْ وَمِمَّا تَعْبُدُونَ مِنْ دُونِ اللَّهِ كَفَرْنَا بِكُمْ وَبَدَا بَيْنَنَا وَبَيْنَكُمُ الْعَدَاوَةُ وَالْبَغْضَاءُ أَبَدًا حَتَّىٰ تُؤْمِنُوا بِاللَّهِ وَحْدَهُ إِلَّا قَوْلَ إِبْرَاهِيمَ لِأَبِيهِ لَأَسْتَغْفِرَنَّ لَكَ وَمَا أَمْلِكُ لَكَ مِنَ اللَّهِ مِنْ شَيْءٍ ۖ رَبَّنَا عَلَيْكَ تَوَكَّلْنَا وَإِلَيْكَ أَنَبْنَا وَإِلَيْكَ الْمَصِيرُ",
      "verseStringB": "There is an excellent example for you in Abraham and those with him, when they said to their people, “We are quit of you and of what you worship apart from Allah. We have denounced you, and enmity and hatred have arisen between us and you, forever, until you believe in Allah alone.” Except for Abraham’s word to his father, “I will ask forgiveness for you, although I have no power to avail you anything from Allah.” “Our Lord, in You we trust; and to You, we repent; and to You, is the journey’s end."
    },
    {
      "verseNumber": 5,
      "verseString": "رَبَّنَا لَا تَجْعَلْنَا فِتْنَةً لِلَّذِينَ كَفَرُوا وَاغْفِرْ لَنَا رَبَّنَا ۖ إِنَّكَ أَنْتَ الْعَزِيزُ الْحَكِيمُ",
      "verseStringB": "Our Lord, do not make us a target for those who disbelieve—and forgive us, our Lord. You are the Almighty, the Wise.”"
    },
    {
      "verseNumber": 6,
      "verseString": "لَقَدْ كَانَ لَكُمْ فِيهِمْ أُسْوَةٌ حَسَنَةٌ لِمَنْ كَانَ يَرْجُو اللَّهَ وَالْيَوْمَ الْآخِرَ ۚ وَمَنْ يَتَوَلَّ فَإِنَّ اللَّهَ هُوَ الْغَنِيُّ الْحَمِيدُ",
      "verseStringB": "There is an excellent example in them for you—for whoever hopes for Allah and the Last Day. But whoever turns away—Allah is the Self-Sufficient, the Most Praised."
    },
    {
      "verseNumber": 7,
      "verseString": "عَسَى اللَّهُ أَنْ يَجْعَلَ بَيْنَكُمْ وَبَيْنَ الَّذِينَ عَادَيْتُمْ مِنْهُمْ مَوَدَّةً ۚ وَاللَّهُ قَدِيرٌ ۚ وَاللَّهُ غَفُورٌ رَحِيمٌ",
      "verseStringB": "Perhaps Allah will plant affection between you and those of them you consider enemies. Allah is Capable. Allah is Forgiving and Merciful."
    },
    {
      "verseNumber": 8,
      "verseString": "لَا يَنْهَاكُمُ اللَّهُ عَنِ الَّذِينَ لَمْ يُقَاتِلُوكُمْ فِي الدِّينِ وَلَمْ يُخْرِجُوكُمْ مِنْ دِيَارِكُمْ أَنْ تَبَرُّوهُمْ وَتُقْسِطُوا إِلَيْهِمْ ۚ إِنَّ اللَّهَ يُحِبُّ الْمُقْسِطِينَ",
      "verseStringB": "As for those who did not fight you because of your faith, nor expelled you from your homes: Allah does not prohibit you from dealing kindly and equitably with them. Allah loves the equitable."
    },
    {
      "verseNumber": 9,
      "verseString": "إِنَّمَا يَنْهَاكُمُ اللَّهُ عَنِ الَّذِينَ قَاتَلُوكُمْ فِي الدِّينِ وَأَخْرَجُوكُمْ مِنْ دِيَارِكُمْ وَظَاهَرُوا عَلَىٰ إِخْرَاجِكُمْ أَنْ تَوَلَّوْهُمْ ۚ وَمَنْ يَتَوَلَّهُمْ فَأُولَٰئِكَ هُمُ الظَّالِمُونَ",
      "verseStringB": "But Allah prohibits you from befriending those who fought against you over your faith, expelled you from your homes, or aided in your expulsion. Whoever befriends them: these are the wrongdoers."
    },
    {
      "verseNumber": 10,
      "verseString": "يَا أَيُّهَا الَّذِينَ آمَنُوا إِذَا جَاءَكُمُ الْمُؤْمِنَاتُ مُهَاجِرَاتٍ فَامْتَحِنُوهُنَّ ۖ اللَّهُ أَعْلَمُ بِإِيمَانِهِنَّ ۖ فَإِنْ عَلِمْتُمُوهُنَّ مُؤْمِنَاتٍ فَلَا تَرْجِعُوهُنَّ إِلَى الْكُفَّارِ ۖ لَا هُنَّ حِلٌّ لَهُمْ وَلَا هُمْ يَحِلُّونَ لَهُنَّ ۖ وَآتُوهُمْ مَا أَنْفَقُوا ۚ وَلَا جُنَاحَ عَلَيْكُمْ أَنْ تَنْكِحُوهُنَّ إِذَا آتَيْتُمُوهُنَّ أُجُورَهُنَّ ۚ وَلَا تُمْسِكُوا بِعِصَمِ الْكَوَافِرِ وَاسْأَلُوا مَا أَنْفَقْتُمْ وَلْيَسْأَلُوا مَا أَنْفَقُوا ۚ ذَٰلِكُمْ حُكْمُ اللَّهِ ۖ يَحْكُمُ بَيْنَكُمْ ۚ وَاللَّهُ عَلِيمٌ حَكِيمٌ",
      "verseStringB": "O you who believe! When believing women come to you emigrating, test them. Allah is Aware of their faith. And if you find them to be believers, do not send them back to the unbelievers. They are not lawful for them, nor are they lawful for them. But repay them what they had spent. You are not at fault if you marry them, provided you give them their dues. And do not hold to ties of unbelieving women, but demand what you had spent, and let them demand what they had spent. This is the rule of Allah—He judges between you. Allah is Knowing and Wise."
    },
    {
      "verseNumber": 11,
      "verseString": "وَإِنْ فَاتَكُمْ شَيْءٌ مِنْ أَزْوَاجِكُمْ إِلَى الْكُفَّارِ فَعَاقَبْتُمْ فَآتُوا الَّذِينَ ذَهَبَتْ أَزْوَاجُهُمْ مِثْلَ مَا أَنْفَقُوا ۚ وَاتَّقُوا اللَّهَ الَّذِي أَنْتُمْ بِهِ مُؤْمِنُونَ",
      "verseStringB": "And if any of your wives desert you to the unbelievers, and you decide to penalize them, give those whose wives have gone away the equivalent of what they had spent. And fear Allah, in Whom you are believers."
    },
    {
      "verseNumber": 12,
      "verseString": "يَا أَيُّهَا النَّبِيُّ إِذَا جَاءَكَ الْمُؤْمِنَاتُ يُبَايِعْنَكَ عَلَىٰ أَنْ لَا يُشْرِكْنَ بِاللَّهِ شَيْئًا وَلَا يَسْرِقْنَ وَلَا يَزْنِينَ وَلَا يَقْتُلْنَ أَوْلَادَهُنَّ وَلَا يَأْتِينَ بِبُهْتَانٍ يَفْتَرِينَهُ بَيْنَ أَيْدِيهِنَّ وَأَرْجُلِهِنَّ وَلَا يَعْصِينَكَ فِي مَعْرُوفٍ ۙ فَبَايِعْهُنَّ وَاسْتَغْفِرْ لَهُنَّ اللَّهَ ۖ إِنَّ اللَّهَ غَفُورٌ رَحِيمٌ",
      "verseStringB": "O prophet! When believing women come to you, pledging allegiance to you, that they will associate nothing with Allah, nor steal, nor commit adultery, nor kill their children, nor commit perjury as to parenthood, nor disobey you in anything righteous, accept their allegiance, and ask Allah for their forgiveness. Allah is Forgiving and Merciful."
    },
    {
      "verseNumber": 13,
      "verseString": "يَا أَيُّهَا الَّذِينَ آمَنُوا لَا تَتَوَلَّوْا قَوْمًا غَضِبَ اللَّهُ عَلَيْهِمْ قَدْ يَئِسُوا مِنَ الْآخِرَةِ كَمَا يَئِسَ الْكُفَّارُ مِنْ أَصْحَابِ الْقُبُورِ",
      "verseStringB": "O you who believe! Do not befriend a people with whom Allah has become angry, and have despaired of the Hereafter, as the faithless have despaired of the occupants of the graves."
    }
  ],
  "nameEnglish": "She who is Tested",
  "nameTrans": "al-Mumtahina",
  "nameArabic": "الـمـمـتـحنة",
  "chapterNumber": 60,
  "nVerses": 13
}