{
  "verses": [
    {
      "verseNumber": 0,
      "verseString": "بِسْمِ اللَّهِ الرَّحْمَٰنِ الرَّحِيمِ",
      "verseStringB": "In the name of Allah, the Compassionate, the Merciful."
    },
    {
      "verseNumber": 1,
      "verseString": "تَبَارَكَ الَّذِي بِيَدِهِ الْمُلْكُ وَهُوَ عَلَىٰ كُلِّ شَيْءٍ قَدِيرٌ",
      "verseStringB": "Exalted is He in whose hand lies sovereignty, and He has power over all things."
    },
    {
      "verseNumber": 2,
      "verseString": "الَّذِي خَلَقَ الْمَوْتَ وَالْحَيَاةَ لِيَبْلُوَكُمْ أَيُّكُمْ أَحْسَنُ عَمَلًا ۚ وَهُوَ الْعَزِيزُ الْغَفُورُ",
      "verseStringB": "He who created death and life—to test you—which of you is best in conduct. He is the Almighty, the Forgiving."
    },
    {
      "verseNumber": 3,
      "verseString": "الَّذِي خَلَقَ سَبْعَ سَمَاوَاتٍ طِبَاقًا ۖ مَا تَرَىٰ فِي خَلْقِ الرَّحْمَٰنِ مِنْ تَفَاوُتٍ ۖ فَارْجِعِ الْبَصَرَ هَلْ تَرَىٰ مِنْ فُطُورٍ",
      "verseStringB": "He who created seven universes in layers. You see no discrepancy in the creation of the Compassionate. Look again. Can you see any cracks?"
    },
    {
      "verseNumber": 4,
      "verseString": "ثُمَّ ارْجِعِ الْبَصَرَ كَرَّتَيْنِ يَنْقَلِبْ إِلَيْكَ الْبَصَرُ خَاسِئًا وَهُوَ حَسِيرٌ",
      "verseStringB": "Then look again, and again, and your sight will return to you dazzled and exhausted."
    },
    {
      "verseNumber": 5,
      "verseString": "وَلَقَدْ زَيَّنَّا السَّمَاءَ الدُّنْيَا بِمَصَابِيحَ وَجَعَلْنَاهَا رُجُومًا لِلشَّيَاطِينِ ۖ وَأَعْتَدْنَا لَهُمْ عَذَابَ السَّعِيرِ",
      "verseStringB": "And We have beautified the lower heaven with lanterns, and We made them missiles against the devils, and We have prepared for them the suffering of the Blaze."
    },
    {
      "verseNumber": 6,
      "verseString": "وَلِلَّذِينَ كَفَرُوا بِرَبِّهِمْ عَذَابُ جَهَنَّمَ ۖ وَبِئْسَ الْمَصِيرُ",
      "verseStringB": "For those who reject their Lord: there is the torment of Hell, a miserable destination."
    },
    {
      "verseNumber": 7,
      "verseString": "إِذَا أُلْقُوا فِيهَا سَمِعُوا لَهَا شَهِيقًا وَهِيَ تَفُورُ",
      "verseStringB": "When they are thrown into it, they will hear it roaring, as it seethes."
    },
    {
      "verseNumber": 8,
      "verseString": "تَكَادُ تَمَيَّزُ مِنَ الْغَيْظِ ۖ كُلَّمَا أُلْقِيَ فِيهَا فَوْجٌ سَأَلَهُمْ خَزَنَتُهَا أَلَمْ يَأْتِكُمْ نَذِيرٌ",
      "verseStringB": "It almost bursts with fury. Every time a batch is thrown into it, its keepers will ask them, “Did not a warner come to you?”"
    },
    {
      "verseNumber": 9,
      "verseString": "قَالُوا بَلَىٰ قَدْ جَاءَنَا نَذِيرٌ فَكَذَّبْنَا وَقُلْنَا مَا نَزَّلَ اللَّهُ مِنْ شَيْءٍ إِنْ أَنْتُمْ إِلَّا فِي ضَلَالٍ كَبِيرٍ",
      "verseStringB": "They will say, “Yes, a warner did come to us, but we denied, and said, ‘Allah did not send anything down; you are very much mistaken.’”"
    },
    {
      "verseNumber": 10,
      "verseString": "وَقَالُوا لَوْ كُنَّا نَسْمَعُ أَوْ نَعْقِلُ مَا كُنَّا فِي أَصْحَابِ السَّعِيرِ",
      "verseStringB": "And they will say, “Had we listened or reasoned, we would not be among the inmates of the Blaze.”"
    },
    {
      "verseNumber": 11,
      "verseString": "فَاعْتَرَفُوا بِذَنْبِهِمْ فَسُحْقًا لِأَصْحَابِ السَّعِيرِ",
      "verseStringB": "So they will acknowledge their sins. So away with the residents of the Blaze."
    },
    {
      "verseNumber": 12,
      "verseString": "إِنَّ الَّذِينَ يَخْشَوْنَ رَبَّهُمْ بِالْغَيْبِ لَهُمْ مَغْفِرَةٌ وَأَجْرٌ كَبِيرٌ",
      "verseStringB": "As for those who fear their Lord unseen—for them is forgiveness and a great reward."
    },
    {
      "verseNumber": 13,
      "verseString": "وَأَسِرُّوا قَوْلَكُمْ أَوِ اجْهَرُوا بِهِ ۖ إِنَّهُ عَلِيمٌ بِذَاتِ الصُّدُورِ",
      "verseStringB": "Whether you keep your thoughts secret, or you declare them—He is Aware of the inner thoughts."
    },
    {
      "verseNumber": 14,
      "verseString": "أَلَا يَعْلَمُ مَنْ خَلَقَ وَهُوَ اللَّطِيفُ الْخَبِيرُ",
      "verseStringB": "Would He not know, He Who created? He is the Subtle, the Expert."
    },
    {
      "verseNumber": 15,
      "verseString": "هُوَ الَّذِي جَعَلَ لَكُمُ الْأَرْضَ ذَلُولًا فَامْشُوا فِي مَنَاكِبِهَا وَكُلُوا مِنْ رِزْقِهِ ۖ وَإِلَيْهِ النُّشُورُ",
      "verseStringB": "It is He who made the earth manageable for you. So travel its regions, and eat from His provision. And to Him is the Resurgence."
    },
    {
      "verseNumber": 16,
      "verseString": "أَأَمِنْتُمْ مَنْ فِي السَّمَاءِ أَنْ يَخْسِفَ بِكُمُ الْأَرْضَ فَإِذَا هِيَ تَمُورُ",
      "verseStringB": "Do you feel secure that He Who is in heaven will not cause the earth to collapse beneath you while it spins?"
    },
    {
      "verseNumber": 17,
      "verseString": "أَمْ أَمِنْتُمْ مَنْ فِي السَّمَاءِ أَنْ يُرْسِلَ عَلَيْكُمْ حَاصِبًا ۖ فَسَتَعْلَمُونَ كَيْفَ نَذِيرِ",
      "verseStringB": "Or do you feel secure that He Who is in heaven will not unleash against you a violent storm? Then you will know what My warning is like."
    },
    {
      "verseNumber": 18,
      "verseString": "وَلَقَدْ كَذَّبَ الَّذِينَ مِنْ قَبْلِهِمْ فَكَيْفَ كَانَ نَكِيرِ",
      "verseStringB": "Those before them also denied. So how was My disapproval?"
    },
    {
      "verseNumber": 19,
      "verseString": "أَوَلَمْ يَرَوْا إِلَى الطَّيْرِ فَوْقَهُمْ صَافَّاتٍ وَيَقْبِضْنَ ۚ مَا يُمْسِكُهُنَّ إِلَّا الرَّحْمَٰنُ ۚ إِنَّهُ بِكُلِّ شَيْءٍ بَصِيرٌ",
      "verseStringB": "Or have they not seen the birds above them, spreading their wings, and folding them? None holds them except the Compassionate. He is Perceiver of all things."
    },
    {
      "verseNumber": 20,
      "verseString": "أَمَّنْ هَٰذَا الَّذِي هُوَ جُنْدٌ لَكُمْ يَنْصُرُكُمْ مِنْ دُونِ الرَّحْمَٰنِ ۚ إِنِ الْكَافِرُونَ إِلَّا فِي غُرُورٍ",
      "verseStringB": "Or who can be a force to protect you other than the Merciful? The unbelievers are in nothing but delusion."
    },
    {
      "verseNumber": 21,
      "verseString": "أَمَّنْ هَٰذَا الَّذِي يَرْزُقُكُمْ إِنْ أَمْسَكَ رِزْقَهُ ۚ بَلْ لَجُّوا فِي عُتُوٍّ وَنُفُورٍ",
      "verseStringB": "Or who is he who will provide for you, if He withholds His provision? Yet they persist in defiance and aversion."
    },
    {
      "verseNumber": 22,
      "verseString": "أَفَمَنْ يَمْشِي مُكِبًّا عَلَىٰ وَجْهِهِ أَهْدَىٰ أَمَّنْ يَمْشِي سَوِيًّا عَلَىٰ صِرَاطٍ مُسْتَقِيمٍ",
      "verseStringB": "Is he who walks bent on his own design better guided, or he who walks upright on a straight path?"
    },
    {
      "verseNumber": 23,
      "verseString": "قُلْ هُوَ الَّذِي أَنْشَأَكُمْ وَجَعَلَ لَكُمُ السَّمْعَ وَالْأَبْصَارَ وَالْأَفْئِدَةَ ۖ قَلِيلًا مَا تَشْكُرُونَ",
      "verseStringB": "Say, “It is He who produced you; and made for you the hearing, and the vision, and the organs. But rarely do you give thanks.”"
    },
    {
      "verseNumber": 24,
      "verseString": "قُلْ هُوَ الَّذِي ذَرَأَكُمْ فِي الْأَرْضِ وَإِلَيْهِ تُحْشَرُونَ",
      "verseStringB": "Say, “It is He who scattered you on earth. And to Him, you will be gathered.”"
    },
    {
      "verseNumber": 25,
      "verseString": "وَيَقُولُونَ مَتَىٰ هَٰذَا الْوَعْدُ إِنْ كُنْتُمْ صَادِقِينَ",
      "verseStringB": "And they say, “When will this promise be fulfilled—if  you are truthful?”"
    },
    {
      "verseNumber": 26,
      "verseString": "قُلْ إِنَّمَا الْعِلْمُ عِنْدَ اللَّهِ وَإِنَّمَا أَنَا نَذِيرٌ مُبِينٌ",
      "verseStringB": "Say, “Knowledge is with Allah, and I am only a clear warner.”"
    },
    {
      "verseNumber": 27,
      "verseString": "فَلَمَّا رَأَوْهُ زُلْفَةً سِيئَتْ وُجُوهُ الَّذِينَ كَفَرُوا وَقِيلَ هَٰذَا الَّذِي كُنْتُمْ بِهِ تَدَّعُونَ",
      "verseStringB": "But when they see it approaching, the faces of those who disbelieved will turn gloomy, and it will be said, “This is what you used to call for.”"
    },
    {
      "verseNumber": 28,
      "verseString": "قُلْ أَرَأَيْتُمْ إِنْ أَهْلَكَنِيَ اللَّهُ وَمَنْ مَعِيَ أَوْ رَحِمَنَا فَمَنْ يُجِيرُ الْكَافِرِينَ مِنْ عَذَابٍ أَلِيمٍ",
      "verseStringB": "Say, “Have you considered? Should Allah destroy me and those with me, or else bestows His mercy on us, who will protect the disbelievers from an agonizing punishment?”"
    },
    {
      "verseNumber": 29,
      "verseString": "قُلْ هُوَ الرَّحْمَٰنُ آمَنَّا بِهِ وَعَلَيْهِ تَوَكَّلْنَا ۖ فَسَتَعْلَمُونَ مَنْ هُوَ فِي ضَلَالٍ مُبِينٍ",
      "verseStringB": "Say, “He is the Mercy-Giver. In Him, we believe, and in Him we trust. And you will soon know who is clearly astray.”"
    },
    {
      "verseNumber": 30,
      "verseString": "قُلْ أَرَأَيْتُمْ إِنْ أَصْبَحَ مَاؤُكُمْ غَوْرًا فَمَنْ يَأْتِيكُمْ بِمَاءٍ مَعِينٍ",
      "verseStringB": "Say, “Have you considered? If your water drains away, who could bring you pure running water?”"
    }
  ],
  "nameEnglish": "Sovereignty",
  "nameTrans": "al-Mulk",
  "nameArabic": "الـملك",
  "chapterNumber": 67,
  "nVerses": 30
}