{
  "verses": [
    {
      "verseNumber": 0,
      "verseString": "بِسْمِ اللَّهِ الرَّحْمَٰنِ الرَّحِيمِ",
      "verseStringB": "In the name of Allah, the Compassionate, the Merciful."
    },
    {
      "verseNumber": 1,
      "verseString": "هَلْ أَتَىٰ عَلَى الْإِنْسَانِ حِينٌ مِنَ الدَّهْرِ لَمْ يَكُنْ شَيْئًا مَذْكُورًا",
      "verseStringB": "Has there come upon the human being a span of time when he was nothing to be mentioned?"
    },
    {
      "verseNumber": 2,
      "verseString": "إِنَّا خَلَقْنَا الْإِنْسَانَ مِنْ نُطْفَةٍ أَمْشَاجٍ نَبْتَلِيهِ فَجَعَلْنَاهُ سَمِيعًا بَصِيرًا",
      "verseStringB": "We created the human being from a drop of mixed fluid, to test him; and We made him hearing and seeing."
    },
    {
      "verseNumber": 3,
      "verseString": "إِنَّا هَدَيْنَاهُ السَّبِيلَ إِمَّا شَاكِرًا وَإِمَّا كَفُورًا",
      "verseStringB": "We guided him to the way, be he appreciative or unappreciative."
    },
    {
      "verseNumber": 4,
      "verseString": "إِنَّا أَعْتَدْنَا لِلْكَافِرِينَ سَلَاسِلَ وَأَغْلَالًا وَسَعِيرًا",
      "verseStringB": "We have prepared for the disbelievers chains, and yokes, and a Searing Fire."
    },
    {
      "verseNumber": 5,
      "verseString": "إِنَّ الْأَبْرَارَ يَشْرَبُونَ مِنْ كَأْسٍ كَانَ مِزَاجُهَا كَافُورًا",
      "verseStringB": "But the righteous will drink from a cup mixed with aroma."
    },
    {
      "verseNumber": 6,
      "verseString": "عَيْنًا يَشْرَبُ بِهَا عِبَادُ اللَّهِ يُفَجِّرُونَهَا تَفْجِيرًا",
      "verseStringB": "A spring from which Allah’s servants will drink, making it gush abundantly."
    },
    {
      "verseNumber": 7,
      "verseString": "يُوفُونَ بِالنَّذْرِ وَيَخَافُونَ يَوْمًا كَانَ شَرُّهُ مُسْتَطِيرًا",
      "verseStringB": "They fulfill their vows, and they dread a Day whose ill is widespread."
    },
    {
      "verseNumber": 8,
      "verseString": "وَيُطْعِمُونَ الطَّعَامَ عَلَىٰ حُبِّهِ مِسْكِينًا وَيَتِيمًا وَأَسِيرًا",
      "verseStringB": "And they feed, for the love of Him, the poor, the orphan, and the prisoner."
    },
    {
      "verseNumber": 9,
      "verseString": "إِنَّمَا نُطْعِمُكُمْ لِوَجْهِ اللَّهِ لَا نُرِيدُ مِنْكُمْ جَزَاءً وَلَا شُكُورًا",
      "verseStringB": "“We feed you only for Allah’s sake. We desire from you neither compensation nor gratitude."
    },
    {
      "verseNumber": 10,
      "verseString": "إِنَّا نَخَافُ مِنْ رَبِّنَا يَوْمًا عَبُوسًا قَمْطَرِيرًا",
      "verseStringB": "We dread from our Lord a frowning, grim Day.”"
    },
    {
      "verseNumber": 11,
      "verseString": "فَوَقَاهُمُ اللَّهُ شَرَّ ذَٰلِكَ الْيَوْمِ وَلَقَّاهُمْ نَضْرَةً وَسُرُورًا",
      "verseStringB": "So Allah will shield them from the horror of that Day, and He will grant them radiance and joy."
    },
    {
      "verseNumber": 12,
      "verseString": "وَجَزَاهُمْ بِمَا صَبَرُوا جَنَّةً وَحَرِيرًا",
      "verseStringB": "And He will reward them, for having been patient, with a Garden and silk."
    },
    {
      "verseNumber": 13,
      "verseString": "مُتَّكِئِينَ فِيهَا عَلَى الْأَرَائِكِ ۖ لَا يَرَوْنَ فِيهَا شَمْسًا وَلَا زَمْهَرِيرًا",
      "verseStringB": "Reclining in it on the couches; experiencing in it neither sun nor bitter cold."
    },
    {
      "verseNumber": 14,
      "verseString": "وَدَانِيَةً عَلَيْهِمْ ظِلَالُهَا وَذُلِّلَتْ قُطُوفُهَا تَذْلِيلًا",
      "verseStringB": "Its shade hovering over them, and its fruit brought low within reach."
    },
    {
      "verseNumber": 15,
      "verseString": "وَيُطَافُ عَلَيْهِمْ بِآنِيَةٍ مِنْ فِضَّةٍ وَأَكْوَابٍ كَانَتْ قَوَارِيرَا",
      "verseStringB": "Circulating among them are vessels of silver, and cups of crystal."
    },
    {
      "verseNumber": 16,
      "verseString": "قَوَارِيرَ مِنْ فِضَّةٍ قَدَّرُوهَا تَقْدِيرًا",
      "verseStringB": "Crystalline silver—they measured them precisely."
    },
    {
      "verseNumber": 17,
      "verseString": "وَيُسْقَوْنَ فِيهَا كَأْسًا كَانَ مِزَاجُهَا زَنْجَبِيلًا",
      "verseStringB": "And they will be given a drink flavored with ginger."
    },
    {
      "verseNumber": 18,
      "verseString": "عَيْنًا فِيهَا تُسَمَّىٰ سَلْسَبِيلًا",
      "verseStringB": "From a spring there, named Salsabeel."
    },
    {
      "verseNumber": 19,
      "verseString": "وَيَطُوفُ عَلَيْهِمْ وِلْدَانٌ مُخَلَّدُونَ إِذَا رَأَيْتَهُمْ حَسِبْتَهُمْ لُؤْلُؤًا مَنْثُورًا",
      "verseStringB": "Passing among them are eternalized youths. If you saw them, you would think them sprinkled pearls."
    },
    {
      "verseNumber": 20,
      "verseString": "وَإِذَا رَأَيْتَ ثَمَّ رَأَيْتَ نَعِيمًا وَمُلْكًا كَبِيرًا",
      "verseStringB": "If you look, and look, you will see bliss and a vast kingdom."
    },
    {
      "verseNumber": 21,
      "verseString": "عَالِيَهُمْ ثِيَابُ سُنْدُسٍ خُضْرٌ وَإِسْتَبْرَقٌ ۖ وَحُلُّوا أَسَاوِرَ مِنْ فِضَّةٍ وَسَقَاهُمْ رَبُّهُمْ شَرَابًا طَهُورًا",
      "verseStringB": "Upon them are garments of green silk and satin. And they will be decorated with silver bracelets. And their Lord will offer them a pure drink."
    },
    {
      "verseNumber": 22,
      "verseString": "إِنَّ هَٰذَا كَانَ لَكُمْ جَزَاءً وَكَانَ سَعْيُكُمْ مَشْكُورًا",
      "verseStringB": "“This is a reward for you. Your efforts are well appreciated.”"
    },
    {
      "verseNumber": 23,
      "verseString": "إِنَّا نَحْنُ نَزَّلْنَا عَلَيْكَ الْقُرْآنَ تَنْزِيلًا",
      "verseStringB": "It is We who sent down the Quran upon you—a gradual revelation."
    },
    {
      "verseNumber": 24,
      "verseString": "فَاصْبِرْ لِحُكْمِ رَبِّكَ وَلَا تُطِعْ مِنْهُمْ آثِمًا أَوْ كَفُورًا",
      "verseStringB": "So be patient with your Lord’s judgment. And obey among them neither sinner nor disbeliever."
    },
    {
      "verseNumber": 25,
      "verseString": "وَاذْكُرِ اسْمَ رَبِّكَ بُكْرَةً وَأَصِيلًا",
      "verseStringB": "And mention the Name of your Lord, morning and evening."
    },
    {
      "verseNumber": 26,
      "verseString": "وَمِنَ اللَّيْلِ فَاسْجُدْ لَهُ وَسَبِّحْهُ لَيْلًا طَوِيلًا",
      "verseStringB": "And during the night, prostrate to Him, and glorify Him long into the night."
    },
    {
      "verseNumber": 27,
      "verseString": "إِنَّ هَٰؤُلَاءِ يُحِبُّونَ الْعَاجِلَةَ وَيَذَرُونَ وَرَاءَهُمْ يَوْمًا ثَقِيلًا",
      "verseStringB": "As for these: they love the transient, and they leave behind a Heavy Day."
    },
    {
      "verseNumber": 28,
      "verseString": "نَحْنُ خَلَقْنَاهُمْ وَشَدَدْنَا أَسْرَهُمْ ۖ وَإِذَا شِئْنَا بَدَّلْنَا أَمْثَالَهُمْ تَبْدِيلًا",
      "verseStringB": "We created them, and We strengthened their frames. And whenever We will, We will replace them with others like them."
    },
    {
      "verseNumber": 29,
      "verseString": "إِنَّ هَٰذِهِ تَذْكِرَةٌ ۖ فَمَنْ شَاءَ اتَّخَذَ إِلَىٰ رَبِّهِ سَبِيلًا",
      "verseStringB": "This is a reminder; so whoever wills, let him take a path to his Lord."
    },
    {
      "verseNumber": 30,
      "verseString": "وَمَا تَشَاءُونَ إِلَّا أَنْ يَشَاءَ اللَّهُ ۚ إِنَّ اللَّهَ كَانَ عَلِيمًا حَكِيمًا",
      "verseStringB": "Yet you cannot will—unless Allah wills. Allah is Knowing and Wise."
    },
    {
      "verseNumber": 31,
      "verseString": "يُدْخِلُ مَنْ يَشَاءُ فِي رَحْمَتِهِ ۚ وَالظَّالِمِينَ أَعَدَّ لَهُمْ عَذَابًا أَلِيمًا",
      "verseStringB": "He admits into His mercy whomever He wills. But as for the wrongdoers, He has prepared for them a painful punishment."
    }
  ],
  "nameEnglish": "Man",
  "nameTrans": "al-Insan",
  "nameArabic": "الإنسان",
  "chapterNumber": 76,
  "nVerses": 31
}