{
  "verses": [
    {
      "verseNumber": 0,
      "verseString": "بِسْمِ اللَّهِ الرَّحْمَٰنِ الرَّحِيمِ",
      "verseStringB": "In the name of Allah, the Compassionate, the Merciful."
    },
    {
      "verseNumber": 1,
      "verseString": "وَالنَّازِعَاتِ غَرْقًا",
      "verseStringB": "By those snatching violently."
    },
    {
      "verseNumber": 2,
      "verseString": "وَالنَّاشِطَاتِ نَشْطًا",
      "verseStringB": "And those removing gently."
    },
    {
      "verseNumber": 3,
      "verseString": "وَالسَّابِحَاتِ سَبْحًا",
      "verseStringB": "And those gliding smoothly."
    },
    {
      "verseNumber": 4,
      "verseString": "فَالسَّابِقَاتِ سَبْقًا",
      "verseStringB": "And those racing swiftly."
    },
    {
      "verseNumber": 5,
      "verseString": "فَالْمُدَبِّرَاتِ أَمْرًا",
      "verseStringB": "And those regulating events."
    },
    {
      "verseNumber": 6,
      "verseString": "يَوْمَ تَرْجُفُ الرَّاجِفَةُ",
      "verseStringB": "On the Day when the Quake quakes."
    },
    {
      "verseNumber": 7,
      "verseString": "تَتْبَعُهَا الرَّادِفَةُ",
      "verseStringB": "And is followed by the Successor."
    },
    {
      "verseNumber": 8,
      "verseString": "قُلُوبٌ يَوْمَئِذٍ وَاجِفَةٌ",
      "verseStringB": "Hearts on that Day will be pounding."
    },
    {
      "verseNumber": 9,
      "verseString": "أَبْصَارُهَا خَاشِعَةٌ",
      "verseStringB": "Their sights downcast."
    },
    {
      "verseNumber": 10,
      "verseString": "يَقُولُونَ أَإِنَّا لَمَرْدُودُونَ فِي الْحَافِرَةِ",
      "verseStringB": "They say, “Are we to be restored to the original condition?"
    },
    {
      "verseNumber": 11,
      "verseString": "أَإِذَا كُنَّا عِظَامًا نَخِرَةً",
      "verseStringB": "When we have become hollow bones?”"
    },
    {
      "verseNumber": 12,
      "verseString": "قَالُوا تِلْكَ إِذًا كَرَّةٌ خَاسِرَةٌ",
      "verseStringB": "They say, “This is a losing proposition.”"
    },
    {
      "verseNumber": 13,
      "verseString": "فَإِنَّمَا هِيَ زَجْرَةٌ وَاحِدَةٌ",
      "verseStringB": "But it will be only a single nudge."
    },
    {
      "verseNumber": 14,
      "verseString": "فَإِذَا هُمْ بِالسَّاهِرَةِ",
      "verseStringB": "And they will be awake."
    },
    {
      "verseNumber": 15,
      "verseString": "هَلْ أَتَاكَ حَدِيثُ مُوسَىٰ",
      "verseStringB": "Has the story of Moses reached you?"
    },
    {
      "verseNumber": 16,
      "verseString": "إِذْ نَادَاهُ رَبُّهُ بِالْوَادِ الْمُقَدَّسِ طُوًى",
      "verseStringB": "When His Lord called out to him in the sacred valley of Tuwa."
    },
    {
      "verseNumber": 17,
      "verseString": "اذْهَبْ إِلَىٰ فِرْعَوْنَ إِنَّهُ طَغَىٰ",
      "verseStringB": "“Go to Pharaoh—he has transgressed.”"
    },
    {
      "verseNumber": 18,
      "verseString": "فَقُلْ هَلْ لَكَ إِلَىٰ أَنْ تَزَكَّىٰ",
      "verseStringB": "And say, “Do you care to be purified?"
    },
    {
      "verseNumber": 19,
      "verseString": "وَأَهْدِيَكَ إِلَىٰ رَبِّكَ فَتَخْشَىٰ",
      "verseStringB": "And I will guide you to your Lord, and you will turn reverent.”"
    },
    {
      "verseNumber": 20,
      "verseString": "فَأَرَاهُ الْآيَةَ الْكُبْرَىٰ",
      "verseStringB": "Then he showed him the Great Miracle."
    },
    {
      "verseNumber": 21,
      "verseString": "فَكَذَّبَ وَعَصَىٰ",
      "verseStringB": "But he denied and disobeyed."
    },
    {
      "verseNumber": 22,
      "verseString": "ثُمَّ أَدْبَرَ يَسْعَىٰ",
      "verseStringB": "Then he turned his back, and tried."
    },
    {
      "verseNumber": 23,
      "verseString": "فَحَشَرَ فَنَادَىٰ",
      "verseStringB": "And gathered and proclaimed."
    },
    {
      "verseNumber": 24,
      "verseString": "فَقَالَ أَنَا رَبُّكُمُ الْأَعْلَىٰ",
      "verseStringB": "He said, “I am your Lord, the most high.”"
    },
    {
      "verseNumber": 25,
      "verseString": "فَأَخَذَهُ اللَّهُ نَكَالَ الْآخِرَةِ وَالْأُولَىٰ",
      "verseStringB": "So Allah seized him with exemplary punishment, in the last and in the first."
    },
    {
      "verseNumber": 26,
      "verseString": "إِنَّ فِي ذَٰلِكَ لَعِبْرَةً لِمَنْ يَخْشَىٰ",
      "verseStringB": "In this is a lesson for whoever fears."
    },
    {
      "verseNumber": 27,
      "verseString": "أَأَنْتُمْ أَشَدُّ خَلْقًا أَمِ السَّمَاءُ ۚ بَنَاهَا",
      "verseStringB": "Are you more difficult to create, or the sky? He constructed it."
    },
    {
      "verseNumber": 28,
      "verseString": "رَفَعَ سَمْكَهَا فَسَوَّاهَا",
      "verseStringB": "He raised its masses, and He proportioned it."
    },
    {
      "verseNumber": 29,
      "verseString": "وَأَغْطَشَ لَيْلَهَا وَأَخْرَجَ ضُحَاهَا",
      "verseStringB": "And He dimmed its night, and He brought out its daylight."
    },
    {
      "verseNumber": 30,
      "verseString": "وَالْأَرْضَ بَعْدَ ذَٰلِكَ دَحَاهَا",
      "verseStringB": "And after that, He spread out the earth."
    },
    {
      "verseNumber": 31,
      "verseString": "أَخْرَجَ مِنْهَا مَاءَهَا وَمَرْعَاهَا",
      "verseStringB": "And from it, He brought out its water and its pasture."
    },
    {
      "verseNumber": 32,
      "verseString": "وَالْجِبَالَ أَرْسَاهَا",
      "verseStringB": "And the mountains, He anchored."
    },
    {
      "verseNumber": 33,
      "verseString": "مَتَاعًا لَكُمْ وَلِأَنْعَامِكُمْ",
      "verseStringB": "A source of enjoyment for you and your livestock."
    },
    {
      "verseNumber": 34,
      "verseString": "فَإِذَا جَاءَتِ الطَّامَّةُ الْكُبْرَىٰ",
      "verseStringB": "But when the Great Cataclysm befalls."
    },
    {
      "verseNumber": 35,
      "verseString": "يَوْمَ يَتَذَكَّرُ الْإِنْسَانُ مَا سَعَىٰ",
      "verseStringB": "A Day when the human being will remember what he has endeavored."
    },
    {
      "verseNumber": 36,
      "verseString": "وَبُرِّزَتِ الْجَحِيمُ لِمَنْ يَرَىٰ",
      "verseStringB": "And the Furnace will be displayed for whoever sees."
    },
    {
      "verseNumber": 37,
      "verseString": "فَأَمَّا مَنْ طَغَىٰ",
      "verseStringB": "As for him who has transgressed."
    },
    {
      "verseNumber": 38,
      "verseString": "وَآثَرَ الْحَيَاةَ الدُّنْيَا",
      "verseStringB": "And preferred the life of this world."
    },
    {
      "verseNumber": 39,
      "verseString": "فَإِنَّ الْجَحِيمَ هِيَ الْمَأْوَىٰ",
      "verseStringB": "Then the Furnace is the shelter."
    },
    {
      "verseNumber": 40,
      "verseString": "وَأَمَّا مَنْ خَافَ مَقَامَ رَبِّهِ وَنَهَى النَّفْسَ عَنِ الْهَوَىٰ",
      "verseStringB": "But as for him who feared the Standing of his Lord, and restrained the self from desires."
    },
    {
      "verseNumber": 41,
      "verseString": "فَإِنَّ الْجَنَّةَ هِيَ الْمَأْوَىٰ",
      "verseStringB": "Then Paradise is the shelter."
    },
    {
      "verseNumber": 42,
      "verseString": "يَسْأَلُونَكَ عَنِ السَّاعَةِ أَيَّانَ مُرْسَاهَا",
      "verseStringB": "They ask you about the Hour, “When will it take place?”"
    },
    {
      "verseNumber": 43,
      "verseString": "فِيمَ أَنْتَ مِنْ ذِكْرَاهَا",
      "verseStringB": "You have no knowledge of it."
    },
    {
      "verseNumber": 44,
      "verseString": "إِلَىٰ رَبِّكَ مُنْتَهَاهَا",
      "verseStringB": "To your Lord is its finality."
    },
    {
      "verseNumber": 45,
      "verseString": "إِنَّمَا أَنْتَ مُنْذِرُ مَنْ يَخْشَاهَا",
      "verseStringB": "You are only to warn whoever dreads it."
    },
    {
      "verseNumber": 46,
      "verseString": "كَأَنَّهُمْ يَوْمَ يَرَوْنَهَا لَمْ يَلْبَثُوا إِلَّا عَشِيَّةً أَوْ ضُحَاهَا",
      "verseStringB": "On the Day when they see it—it will be as if they had stayed only an evening or its morning."
    }
  ],
  "nameEnglish": "The Snatchers",
  "nameTrans": "an-Nazi'at",
  "nameArabic": "الـنازعات",
  "chapterNumber": 79,
  "nVerses": 46
}