{
  "verses": [
    {
      "verseNumber": 0,
      "verseString": "بِسْمِ اللَّهِ الرَّحْمَٰنِ الرَّحِيمِ",
      "verseStringB": "In the name of Allah, the Compassionate, the Merciful."
    },
    {
      "verseNumber": 1,
      "verseString": "وَالسَّمَاءِ ذَاتِ الْبُرُوجِ",
      "verseStringB": "By the sky full of constellations."
    },
    {
      "verseNumber": 2,
      "verseString": "وَالْيَوْمِ الْمَوْعُودِ",
      "verseStringB": "And by the Promised Day."
    },
    {
      "verseNumber": 3,
      "verseString": "وَشَاهِدٍ وَمَشْهُودٍ",
      "verseStringB": "And by the witness and the witnessed."
    },
    {
      "verseNumber": 4,
      "verseString": "قُتِلَ أَصْحَابُ الْأُخْدُودِ",
      "verseStringB": "Destroyed were the People of the Trench."
    },
    {
      "verseNumber": 5,
      "verseString": "النَّارِ ذَاتِ الْوَقُودِ",
      "verseStringB": "The fire supplied with fuel."
    },
    {
      "verseNumber": 6,
      "verseString": "إِذْ هُمْ عَلَيْهَا قُعُودٌ",
      "verseStringB": "While they sat around it."
    },
    {
      "verseNumber": 7,
      "verseString": "وَهُمْ عَلَىٰ مَا يَفْعَلُونَ بِالْمُؤْمِنِينَ شُهُودٌ",
      "verseStringB": "And were witnessing what they were doing to the believers."
    },
    {
      "verseNumber": 8,
      "verseString": "وَمَا نَقَمُوا مِنْهُمْ إِلَّا أَنْ يُؤْمِنُوا بِاللَّهِ الْعَزِيزِ الْحَمِيدِ",
      "verseStringB": "They took vengeance on them only because they believed in Allah the Almighty, the Praised."
    },
    {
      "verseNumber": 9,
      "verseString": "الَّذِي لَهُ مُلْكُ السَّمَاوَاتِ وَالْأَرْضِ ۚ وَاللَّهُ عَلَىٰ كُلِّ شَيْءٍ شَهِيدٌ",
      "verseStringB": "He to Whom belongs sovereignty over the heavens and the earth. And Allah is witness over everything."
    },
    {
      "verseNumber": 10,
      "verseString": "إِنَّ الَّذِينَ فَتَنُوا الْمُؤْمِنِينَ وَالْمُؤْمِنَاتِ ثُمَّ لَمْ يَتُوبُوا فَلَهُمْ عَذَابُ جَهَنَّمَ وَلَهُمْ عَذَابُ الْحَرِيقِ",
      "verseStringB": "Those who persecute believing men and believing women, then do not repent: for them is the punishment of Hell, and for them is the punishment of Burning."
    },
    {
      "verseNumber": 11,
      "verseString": "إِنَّ الَّذِينَ آمَنُوا وَعَمِلُوا الصَّالِحَاتِ لَهُمْ جَنَّاتٌ تَجْرِي مِنْ تَحْتِهَا الْأَنْهَارُ ۚ ذَٰلِكَ الْفَوْزُ الْكَبِيرُ",
      "verseStringB": "Those who believe and do righteous deeds will have Gardens beneath which rivers flow: that is the supreme triumph."
    },
    {
      "verseNumber": 12,
      "verseString": "إِنَّ بَطْشَ رَبِّكَ لَشَدِيدٌ",
      "verseStringB": "The onslaught of your Lord is severe."
    },
    {
      "verseNumber": 13,
      "verseString": "إِنَّهُ هُوَ يُبْدِئُ وَيُعِيدُ",
      "verseStringB": "It is He who begins and repeats."
    },
    {
      "verseNumber": 14,
      "verseString": "وَهُوَ الْغَفُورُ الْوَدُودُ",
      "verseStringB": "And He is the Forgiving, the Loving."
    },
    {
      "verseNumber": 15,
      "verseString": "ذُو الْعَرْشِ الْمَجِيدُ",
      "verseStringB": "Owner of the Glorious Throne."
    },
    {
      "verseNumber": 16,
      "verseString": "فَعَّالٌ لِمَا يُرِيدُ",
      "verseStringB": "Doer of whatever He wills."
    },
    {
      "verseNumber": 17,
      "verseString": "هَلْ أَتَاكَ حَدِيثُ الْجُنُودِ",
      "verseStringB": "Has the story of the legions reached you?"
    },
    {
      "verseNumber": 18,
      "verseString": "فِرْعَوْنَ وَثَمُودَ",
      "verseStringB": "Of Pharaoh and Thamood?"
    },
    {
      "verseNumber": 19,
      "verseString": "بَلِ الَّذِينَ كَفَرُوا فِي تَكْذِيبٍ",
      "verseStringB": "In fact, those who disbelieve are in denial."
    },
    {
      "verseNumber": 20,
      "verseString": "وَاللَّهُ مِنْ وَرَائِهِمْ مُحِيطٌ",
      "verseStringB": "But Allah encloses them from beyond."
    },
    {
      "verseNumber": 21,
      "verseString": "بَلْ هُوَ قُرْآنٌ مَجِيدٌ",
      "verseStringB": "In fact, it is a Glorious Quran."
    },
    {
      "verseNumber": 22,
      "verseString": "فِي لَوْحٍ مَحْفُوظٍ",
      "verseStringB": "In a Preserved Tablet."
    }
  ],
  "nameEnglish": "The Constellations",
  "nameTrans": "al-Buruj",
  "nameArabic": "البروج",
  "chapterNumber": 85,
  "nVerses": 22
}