{
  "verses": [
    {
      "verseNumber": 0,
      "verseString": "بِسْمِ اللَّهِ الرَّحْمَٰنِ الرَّحِيمِ",
      "verseStringB": "In the name of Allah, the Compassionate, the Merciful."
    },
    {
      "verseNumber": 1,
      "verseString": "وَالسَّمَاءِ وَالطَّارِقِ",
      "verseStringB": "By the sky and the Pulsar."
    },
    {
      "verseNumber": 2,
      "verseString": "وَمَا أَدْرَاكَ مَا الطَّارِقُ",
      "verseStringB": "And what will make you realize what the Pulsar is?"
    },
    {
      "verseNumber": 3,
      "verseString": "النَّجْمُ الثَّاقِبُ",
      "verseStringB": "The Piercing Star."
    },
    {
      "verseNumber": 4,
      "verseString": "إِنْ كُلُّ نَفْسٍ لَمَّا عَلَيْهَا حَافِظٌ",
      "verseStringB": "There is no soul without a guardian over it."
    },
    {
      "verseNumber": 5,
      "verseString": "فَلْيَنْظُرِ الْإِنْسَانُ مِمَّ خُلِقَ",
      "verseStringB": "So let the human being consider what he was created from."
    },
    {
      "verseNumber": 6,
      "verseString": "خُلِقَ مِنْ مَاءٍ دَافِقٍ",
      "verseStringB": "He was created from gushing fluid."
    },
    {
      "verseNumber": 7,
      "verseString": "يَخْرُجُ مِنْ بَيْنِ الصُّلْبِ وَالتَّرَائِبِ",
      "verseStringB": "Issuing from between the backbone and the breastbones."
    },
    {
      "verseNumber": 8,
      "verseString": "إِنَّهُ عَلَىٰ رَجْعِهِ لَقَادِرٌ",
      "verseStringB": "He is certainly able to return him."
    },
    {
      "verseNumber": 9,
      "verseString": "يَوْمَ تُبْلَى السَّرَائِرُ",
      "verseStringB": "On the Day when secrets are disclosed."
    },
    {
      "verseNumber": 10,
      "verseString": "فَمَا لَهُ مِنْ قُوَّةٍ وَلَا نَاصِرٍ",
      "verseStringB": "He will have neither strength nor helper."
    },
    {
      "verseNumber": 11,
      "verseString": "وَالسَّمَاءِ ذَاتِ الرَّجْعِ",
      "verseStringB": "By the sky that returns."
    },
    {
      "verseNumber": 12,
      "verseString": "وَالْأَرْضِ ذَاتِ الصَّدْعِ",
      "verseStringB": "And the earth that cracks open."
    },
    {
      "verseNumber": 13,
      "verseString": "إِنَّهُ لَقَوْلٌ فَصْلٌ",
      "verseStringB": "It is a Decisive Word."
    },
    {
      "verseNumber": 14,
      "verseString": "وَمَا هُوَ بِالْهَزْلِ",
      "verseStringB": "And it is no joke."
    },
    {
      "verseNumber": 15,
      "verseString": "إِنَّهُمْ يَكِيدُونَ كَيْدًا",
      "verseStringB": "They plot and scheme."
    },
    {
      "verseNumber": 16,
      "verseString": "وَأَكِيدُ كَيْدًا",
      "verseStringB": "But I plan and plan."
    },
    {
      "verseNumber": 17,
      "verseString": "فَمَهِّلِ الْكَافِرِينَ أَمْهِلْهُمْ رُوَيْدًا",
      "verseStringB": "Therefore, give the unbelievers some time; leave them for a while."
    }
  ],
  "nameEnglish": "The Pulsar",
  "nameTrans": "at-Tariq",
  "nameArabic": "الـطارق",
  "chapterNumber": 86,
  "nVerses": 17
}