{
  "verses": [
    {
      "verseNumber": 0,
      "verseString": "بِسْمِ اللَّهِ الرَّحْمَٰنِ الرَّحِيمِ",
      "verseStringB": "In the name of Allah, the Compassionate, the Merciful."
    },
    {
      "verseNumber": 1,
      "verseString": "وَالْفَجْرِ",
      "verseStringB": "By the dawn."
    },
    {
      "verseNumber": 2,
      "verseString": "وَلَيَالٍ عَشْرٍ",
      "verseStringB": "And ten nights."
    },
    {
      "verseNumber": 3,
      "verseString": "وَالشَّفْعِ وَالْوَتْرِ",
      "verseStringB": "And the even and the odd."
    },
    {
      "verseNumber": 4,
      "verseString": "وَاللَّيْلِ إِذَا يَسْرِ",
      "verseStringB": "And the night as it recedes."
    },
    {
      "verseNumber": 5,
      "verseString": "هَلْ فِي ذَٰلِكَ قَسَمٌ لِذِي حِجْرٍ",
      "verseStringB": "Is there an oath in that for a rational person?"
    },
    {
      "verseNumber": 6,
      "verseString": "أَلَمْ تَرَ كَيْفَ فَعَلَ رَبُّكَ بِعَادٍ",
      "verseStringB": "Did you not see how your Lord dealt with Aad?"
    },
    {
      "verseNumber": 7,
      "verseString": "إِرَمَ ذَاتِ الْعِمَادِ",
      "verseStringB": "Erum of the pillars."
    },
    {
      "verseNumber": 8,
      "verseString": "الَّتِي لَمْ يُخْلَقْ مِثْلُهَا فِي الْبِلَادِ",
      "verseStringB": "The like of which was never created in the land."
    },
    {
      "verseNumber": 9,
      "verseString": "وَثَمُودَ الَّذِينَ جَابُوا الصَّخْرَ بِالْوَادِ",
      "verseStringB": "And Thamood—those who carved out the rocks in the Valley."
    },
    {
      "verseNumber": 10,
      "verseString": "وَفِرْعَوْنَ ذِي الْأَوْتَادِ",
      "verseStringB": "And Pharaoh of the Stakes."
    },
    {
      "verseNumber": 11,
      "verseString": "الَّذِينَ طَغَوْا فِي الْبِلَادِ",
      "verseStringB": "Those who committed excesses in the lands."
    },
    {
      "verseNumber": 12,
      "verseString": "فَأَكْثَرُوا فِيهَا الْفَسَادَ",
      "verseStringB": "And spread much corruption in it."
    },
    {
      "verseNumber": 13,
      "verseString": "فَصَبَّ عَلَيْهِمْ رَبُّكَ سَوْطَ عَذَابٍ",
      "verseStringB": "So your Lord poured down on them a scourge of punishment."
    },
    {
      "verseNumber": 14,
      "verseString": "إِنَّ رَبَّكَ لَبِالْمِرْصَادِ",
      "verseStringB": "Your Lord is on the lookout."
    },
    {
      "verseNumber": 15,
      "verseString": "فَأَمَّا الْإِنْسَانُ إِذَا مَا ابْتَلَاهُ رَبُّهُ فَأَكْرَمَهُ وَنَعَّمَهُ فَيَقُولُ رَبِّي أَكْرَمَنِ",
      "verseStringB": "As for the human being, whenever his Lord tests him, and honors him, and prospers him, he says, “My Lord has honored me.”"
    },
    {
      "verseNumber": 16,
      "verseString": "وَأَمَّا إِذَا مَا ابْتَلَاهُ فَقَدَرَ عَلَيْهِ رِزْقَهُ فَيَقُولُ رَبِّي أَهَانَنِ",
      "verseStringB": "But whenever He tests him, and He restricts his livelihood for him, he says, “My Lord has disgraced me.”"
    },
    {
      "verseNumber": 17,
      "verseString": "كَلَّا ۖ بَلْ لَا تُكْرِمُونَ الْيَتِيمَ",
      "verseStringB": "Not at all. But you are not generous towards the orphan."
    },
    {
      "verseNumber": 18,
      "verseString": "وَلَا تَحَاضُّونَ عَلَىٰ طَعَامِ الْمِسْكِينِ",
      "verseStringB": "And you do not urge the feeding of the poor."
    },
    {
      "verseNumber": 19,
      "verseString": "وَتَأْكُلُونَ التُّرَاثَ أَكْلًا لَمًّا",
      "verseStringB": "And you devour inheritance with all greed."
    },
    {
      "verseNumber": 20,
      "verseString": "وَتُحِبُّونَ الْمَالَ حُبًّا جَمًّا",
      "verseStringB": "And you love wealth with immense love."
    },
    {
      "verseNumber": 21,
      "verseString": "كَلَّا إِذَا دُكَّتِ الْأَرْضُ دَكًّا دَكًّا",
      "verseStringB": "No—when the earth is pounded, crushed, and leveled."
    },
    {
      "verseNumber": 22,
      "verseString": "وَجَاءَ رَبُّكَ وَالْمَلَكُ صَفًّا صَفًّا",
      "verseStringB": "And your Lord comes, with the angels, row after row."
    },
    {
      "verseNumber": 23,
      "verseString": "وَجِيءَ يَوْمَئِذٍ بِجَهَنَّمَ ۚ يَوْمَئِذٍ يَتَذَكَّرُ الْإِنْسَانُ وَأَنَّىٰ لَهُ الذِّكْرَىٰ",
      "verseStringB": "And on that Day, Hell will be brought. On that Day, the human being will remember, but how will remembrance avail him?"
    },
    {
      "verseNumber": 24,
      "verseString": "يَقُولُ يَا لَيْتَنِي قَدَّمْتُ لِحَيَاتِي",
      "verseStringB": "He will say, “If only I had forwarded for my life.”"
    },
    {
      "verseNumber": 25,
      "verseString": "فَيَوْمَئِذٍ لَا يُعَذِّبُ عَذَابَهُ أَحَدٌ",
      "verseStringB": "On that Day, none will punish as He punishes."
    },
    {
      "verseNumber": 26,
      "verseString": "وَلَا يُوثِقُ وَثَاقَهُ أَحَدٌ",
      "verseStringB": "And none will shackle as He shackles."
    },
    {
      "verseNumber": 27,
      "verseString": "يَا أَيَّتُهَا النَّفْسُ الْمُطْمَئِنَّةُ",
      "verseStringB": "But as for you, O tranquil soul."
    },
    {
      "verseNumber": 28,
      "verseString": "ارْجِعِي إِلَىٰ رَبِّكِ رَاضِيَةً مَرْضِيَّةً",
      "verseStringB": "Return to your Lord, pleased and accepted."
    },
    {
      "verseNumber": 29,
      "verseString": "فَادْخُلِي فِي عِبَادِي",
      "verseStringB": "Enter among My worshipers."
    },
    {
      "verseNumber": 30,
      "verseString": "وَادْخُلِي جَنَّتِي",
      "verseStringB": "Enter My Garden."
    }
  ],
  "nameEnglish": "The Dawn",
  "nameTrans": "al-Fajr",
  "nameArabic": "الفجر",
  "chapterNumber": 89,
  "nVerses": 30
}