{
  "verses": [
    {
      "verseNumber": 0,
      "verseString": "بِسْمِ اللَّهِ الرَّحْمَٰنِ الرَّحِيمِ",
      "verseStringB": "In the name of Allah, the Compassionate, the Merciful."
    },
    {
      "verseNumber": 1,
      "verseString": "وَاللَّيْلِ إِذَا يَغْشَىٰ",
      "verseStringB": "By the night as it conceals."
    },
    {
      "verseNumber": 2,
      "verseString": "وَالنَّهَارِ إِذَا تَجَلَّىٰ",
      "verseStringB": "And the day as it reveals."
    },
    {
      "verseNumber": 3,
      "verseString": "وَمَا خَلَقَ الذَّكَرَ وَالْأُنْثَىٰ",
      "verseStringB": "And He who created the male and the female."
    },
    {
      "verseNumber": 4,
      "verseString": "إِنَّ سَعْيَكُمْ لَشَتَّىٰ",
      "verseStringB": "Your endeavors are diverse."
    },
    {
      "verseNumber": 5,
      "verseString": "فَأَمَّا مَنْ أَعْطَىٰ وَاتَّقَىٰ",
      "verseStringB": "As for him who is charitable and righteous."
    },
    {
      "verseNumber": 6,
      "verseString": "وَصَدَّقَ بِالْحُسْنَىٰ",
      "verseStringB": "And confirms goodness."
    },
    {
      "verseNumber": 7,
      "verseString": "فَسَنُيَسِّرُهُ لِلْيُسْرَىٰ",
      "verseStringB": "We will facilitate for him the path of ease."
    },
    {
      "verseNumber": 8,
      "verseString": "وَأَمَّا مَنْ بَخِلَ وَاسْتَغْنَىٰ",
      "verseStringB": "But as for him who is stingy and indifferent."
    },
    {
      "verseNumber": 9,
      "verseString": "وَكَذَّبَ بِالْحُسْنَىٰ",
      "verseStringB": "And denies goodness."
    },
    {
      "verseNumber": 10,
      "verseString": "فَسَنُيَسِّرُهُ لِلْعُسْرَىٰ",
      "verseStringB": "We will facilitate for him the path of difficulty."
    },
    {
      "verseNumber": 11,
      "verseString": "وَمَا يُغْنِي عَنْهُ مَالُهُ إِذَا تَرَدَّىٰ",
      "verseStringB": "And his money will not avail him when he plummets."
    },
    {
      "verseNumber": 12,
      "verseString": "إِنَّ عَلَيْنَا لَلْهُدَىٰ",
      "verseStringB": "It is upon Us to guide."
    },
    {
      "verseNumber": 13,
      "verseString": "وَإِنَّ لَنَا لَلْآخِرَةَ وَالْأُولَىٰ",
      "verseStringB": "And to Us belong the Last and the First."
    },
    {
      "verseNumber": 14,
      "verseString": "فَأَنْذَرْتُكُمْ نَارًا تَلَظَّىٰ",
      "verseStringB": "I have warned you of a Raging Fire."
    },
    {
      "verseNumber": 15,
      "verseString": "لَا يَصْلَاهَا إِلَّا الْأَشْقَى",
      "verseStringB": "Which none will enter except the most wretched."
    },
    {
      "verseNumber": 16,
      "verseString": "الَّذِي كَذَّبَ وَتَوَلَّىٰ",
      "verseStringB": "He who denies and turns away."
    },
    {
      "verseNumber": 17,
      "verseString": "وَسَيُجَنَّبُهَا الْأَتْقَى",
      "verseStringB": "But the devout will avoid it."
    },
    {
      "verseNumber": 18,
      "verseString": "الَّذِي يُؤْتِي مَالَهُ يَتَزَكَّىٰ",
      "verseStringB": "He who gives his wealth to be purified."
    },
    {
      "verseNumber": 19,
      "verseString": "وَمَا لِأَحَدٍ عِنْدَهُ مِنْ نِعْمَةٍ تُجْزَىٰ",
      "verseStringB": "Seeking no favors in return."
    },
    {
      "verseNumber": 20,
      "verseString": "إِلَّا ابْتِغَاءَ وَجْهِ رَبِّهِ الْأَعْلَىٰ",
      "verseStringB": "Only seeking the attention of his Lord, the Most High."
    },
    {
      "verseNumber": 21,
      "verseString": "وَلَسَوْفَ يَرْضَىٰ",
      "verseStringB": "And he will be pleased."
    }
  ],
  "nameEnglish": "The Night",
  "nameTrans": "al-Layl",
  "nameArabic": "اللـيـل",
  "chapterNumber": 92,
  "nVerses": 21
}