{
  "verses": [
    {
      "verseNumber": 0,
      "verseString": "بِسْمِ اللَّهِ الرَّحْمَٰنِ الرَّحِيمِ",
      "verseStringB": "In the name of Allah, the Compassionate, the Merciful."
    },
    {
      "verseNumber": 1,
      "verseString": "أَلْهَاكُمُ التَّكَاثُرُ",
      "verseStringB": "Vying for increase distracts you."
    },
    {
      "verseNumber": 2,
      "verseString": "حَتَّىٰ زُرْتُمُ الْمَقَابِرَ",
      "verseStringB": "Until you visit the graveyards."
    },
    {
      "verseNumber": 3,
      "verseString": "كَلَّا سَوْفَ تَعْلَمُونَ",
      "verseStringB": "No indeed, you will know."
    },
    {
      "verseNumber": 4,
      "verseString": "ثُمَّ كَلَّا سَوْفَ تَعْلَمُونَ",
      "verseStringB": "Again: No indeed, you will know."
    },
    {
      "verseNumber": 5,
      "verseString": "كَلَّا لَوْ تَعْلَمُونَ عِلْمَ الْيَقِينِ",
      "verseStringB": "No indeed, If you knew with the knowledge of certainty."
    },
    {
      "verseNumber": 6,
      "verseString": "لَتَرَوُنَّ الْجَحِيمَ",
      "verseStringB": "You would see the Inferno."
    },
    {
      "verseNumber": 7,
      "verseString": "ثُمَّ لَتَرَوُنَّهَا عَيْنَ الْيَقِينِ",
      "verseStringB": "Then you will see it with the eye of certainty."
    },
    {
      "verseNumber": 8,
      "verseString": "ثُمَّ لَتُسْأَلُنَّ يَوْمَئِذٍ عَنِ النَّعِيمِ",
      "verseStringB": "Then, on that Day, you will be questioned about the pleasures."
    }
  ],
  "nameEnglish": "Abundance",
  "nameTrans": "at-Takathur",
  "nameArabic": "الـتكاثر",
  "chapterNumber": 102,
  "nVerses": 8
}