{
  "verses": [
    {
      "verseNumber": 0,
      "verseString": "بِسْمِ اللَّهِ الرَّحْمَٰنِ الرَّحِيمِ",
      "verseStringB": "In the name of Allah, the Compassionate, the Merciful."
    },
    {
      "verseNumber": 1,
      "verseString": "وَالْعَصْرِ",
      "verseStringB": "By Time."
    },
    {
      "verseNumber": 2,
      "verseString": "إِنَّ الْإِنْسَانَ لَفِي خُسْرٍ",
      "verseStringB": "The human being is in loss."
    },
    {
      "verseNumber": 3,
      "verseString": "إِلَّا الَّذِينَ آمَنُوا وَعَمِلُوا الصَّالِحَاتِ وَتَوَاصَوْا بِالْحَقِّ وَتَوَاصَوْا بِالصَّبْرِ",
      "verseStringB": "Except those who believe, and do good works, and recommend truth, and recommend patience."
    }
  ],
  "nameEnglish": "Time",
  "nameTrans": "al-'Asr",
  "nameArabic": "الـعصر",
  "chapterNumber": 103,
  "nVerses": 3
}